date,mean_flow
05/28/08,6.16
05/29/08,5.54
05/30/08,5.44
05/31/08,5.43
06/01/08,5.71
06/02/08,5.89
06/03/08,7.93
06/04/08,7.03
06/05/08,6.54
06/06/08,8.46
06/07/08,7.39
06/08/08,6.54
06/09/08,6.28
06/10/08,6.81
06/11/08,6.45
06/12/08,6.17
06/13/08,6.04
06/14/08,5.68
06/15/08,5.63
06/16/08,5.57
06/17/08,5.35
06/18/08,5.16
06/19/08,5.15
06/20/08,5.02
06/21/08,4.93
06/22/08,4.85
06/23/08,5.73
06/24/08,5.46
06/25/08,5.3
06/26/08,5.08
06/27/08,4.99
06/28/08,5.08
06/29/08,5.08
06/30/08,5.12
07/01/08,5.02
07/02/08,5.02
07/03/08,4.96
07/04/08,5.05
07/05/08,5.15
07/06/08,4.98
07/07/08,4.85
07/08/08,4.58
07/09/08,4.37
07/10/08,4.35
07/11/08,4.32
07/12/08,4.32
07/13/08,4.37
07/14/08,4.29
07/15/08,4.21
07/16/08,4.29
07/17/08,4.23
07/18/08,4.16
07/19/08,4.07
07/20/08,3.97
07/21/08,4.09
07/22/08,3.99
07/23/08,3.97
07/24/08,3.85
07/25/08,4.38
07/26/08,4.32
07/27/08,4.08
07/28/08,3.97
07/29/08,4.01
07/30/08,5.24
07/31/08,6.29
08/01/08,6.43
08/02/08,6.32
08/03/08,6.31
08/04/08,6.26
08/05/08,6.25
08/06/08,6.34
08/07/08,6.28
08/08/08,6.21
08/09/08,6.28
08/10/08,6.26
08/11/08,6.32
08/12/08,6.23
08/13/08,6.12
08/14/08,6.21
08/15/08,6.12
08/16/08,6.07
08/17/08,6.43
08/18/08,6.75
08/19/08,6.65
08/20/08,7.1
08/21/08,6.98
08/22/08,6.31
08/23/08,6.06
08/24/08,6.7
08/25/08,6.93
08/26/08,6.07
08/27/08,6.46
08/28/08,5.85
08/29/08,5.95
08/30/08,5.6
08/31/08,5.59
09/01/08,5.54
09/02/08,5.54
09/03/08,5.52
09/04/08,5.44
09/05/08,5.59
09/06/08,5.71
09/07/08,5.55
09/08/08,5.49
09/09/08,5.48
09/10/08,5.27
09/11/08,5.22
09/12/08,5.27
09/13/08,5.44
09/14/08,5.3
09/15/08,5.27
09/16/08,5.33
09/17/08,5.52
09/18/08,5.41
09/19/08,5.57
09/20/08,5.71
09/21/08,5.55
09/22/08,5.35
09/23/08,5.26
09/24/08,5.52
09/25/08,5.51
09/26/08,5.73
09/27/08,5.35
09/28/08,5.19
09/29/08,5.16
09/30/08,6.12
10/01/08,6.46
10/02/08,6.54
10/03/08,7.32
10/04/08,8.24
10/05/08,7.35
10/06/08,7.82
10/07/08,7.85
10/08/08,5.9
10/09/08,5.51
10/10/08,6.17
10/11/08,5.01
10/12/08,4.82
10/13/08,5.04
10/14/08,4.41
10/15/08,4.32
10/16/08,4.69
10/17/08,5.13
10/18/08,4.98
10/19/08,4.53
10/20/08,5.22
10/21/08,5.21
10/22/08,4.83
10/23/08,5.16
10/24/08,4.9
10/25/08,5.01
10/26/08,5.01
10/27/08,5.04
10/28/08,5.63
10/29/08,5.62
10/30/08,5.74
10/31/08,6.8
11/01/08,7
11/02/08,7.91
11/03/08,10.62
11/04/08,12.17
11/05/08,9.2
11/06/08,11.7
11/07/08,16.01
11/08/08,12.94
11/09/08,11.5
11/10/08,9.32
11/11/08,8.97
11/12/08,18.03
11/13/08,18.06
11/14/08,14.9
11/15/08,11.65
11/16/08,11.14
11/17/08,8.34
11/18/08,8.42
11/19/08,7.7
11/20/08,7.83
11/21/08,8.85
11/22/08,8.88
11/23/08,8.63
11/24/08,7.66
11/25/08,7.34
11/26/08,7.56
11/27/08,7.37
11/28/08,7.76
11/29/08,8.12
11/30/08,8.3
12/01/08,8.38
12/02/08,8.92
12/03/08,8.38
12/04/08,7.81
12/05/08,7.44
12/06/08,7.31
12/07/08,10.16
12/08/08,11.94
12/09/08,9.51
12/10/08,9.86
12/11/08,9.62
12/12/08,9.96
12/13/08,12.46
12/14/08,9.91
12/15/08,7.72
12/16/08,6.54
12/17/08,6.56
12/18/08,6.99
12/19/08,6.37
12/20/08,5.41
12/21/08,5.81
12/22/08,6.24
12/23/08,6.14
12/24/08,9.32
12/25/08,14.2
12/26/08,10.13
12/27/08,14.41
12/28/08,19.12
12/29/08,15.26
12/30/08,12.12
12/31/08,10.83
01/01/09,11.98
01/02/09,12.62
01/03/09,10.21
01/04/09,7.93
01/05/09,11.06
01/06/09,12.29
01/07/09,22.32
01/08/09,34.23
01/09/09,33.58
01/10/09,31.64
01/11/09,28.54
01/12/09,24.62
01/13/09,20.93
01/14/09,18.51
01/15/09,17.43
01/16/09,16.69
01/17/09,16.2
01/18/09,15.75
01/19/09,15.25
01/20/09,14.17
01/21/09,12.76
01/22/09,11.85
01/23/09,10.08
01/24/09,9.17
01/25/09,9.88
01/26/09,9.27
01/27/09,9.8
01/28/09,9.33
01/29/09,8.82
01/30/09,7.78
01/31/09,8.01
02/01/09,7.13
02/02/09,7.07
02/03/09,6.53
02/04/09,6.25
02/05/09,6.03
02/06/09,6.26
02/07/09,6.31
02/08/09,6.75
02/09/09,6.45
02/10/09,6.71
02/11/09,5.93
02/12/09,5.7
02/13/09,5.29
02/14/09,5.22
02/15/09,4.85
02/16/09,5.55
02/17/09,5.07
02/18/09,5.84
02/19/09,4.98
02/20/09,4.83
02/21/09,5.43
02/22/09,5.16
02/23/09,5.43
02/24/09,12.17
02/25/09,16.76
02/26/09,16.14
02/27/09,10.3
02/28/09,6.65
03/01/09,7.21
03/02/09,11.09
03/03/09,10.25
03/04/09,7.23
03/05/09,9.41
03/06/09,7.74
03/07/09,6.17
03/08/09,7.5
03/09/09,5.93
03/10/09,5.65
03/11/09,4.96
03/12/09,4.47
03/13/09,4.76
03/14/09,7.66
03/15/09,15.28
03/16/09,17.91
03/17/09,20.1
03/18/09,18.22
03/19/09,15.81
03/20/09,15.12
03/21/09,12.18
03/22/09,9.37
03/23/09,8.08
03/24/09,8.62
03/25/09,7.96
03/26/09,7.35
03/27/09,6.19
03/28/09,9.89
03/29/09,17.2
03/30/09,11.7
03/31/09,9.08
04/01/09,9.74
04/02/09,12.93
04/03/09,7.93
04/04/09,5.72
04/05/09,5.9
04/06/09,5.33
04/07/09,6.89
04/08/09,5.9
04/09/09,5.23
04/10/09,5.25
04/11/09,5.19
04/12/09,8.86
04/13/09,16.92
04/14/09,14.67
04/15/09,7.79
04/16/09,5.48
04/17/09,6.23
04/18/09,4.92
04/19/09,5.08
04/20/09,5.56
04/21/09,5.03
04/22/09,4.26
04/23/09,3.81
04/24/09,4.12
04/25/09,4.16
04/26/09,3.86
04/27/09,3.8
04/28/09,9.09
04/29/09,8.59
04/30/09,6.87
05/01/09,6.42
05/02/09,6.46
05/03/09,6.15
05/04/09,4.99
05/05/09,12.73
05/06/09,12.15
05/07/09,13.27
05/08/09,10.83
05/09/09,3.86
05/10/09,3.8
05/11/09,3.8
05/12/09,3.8
05/13/09,5.68
05/14/09,13.14
05/15/09,5.41
05/16/09,3.8
05/17/09,3.8
05/18/09,3.8
05/19/09,3.8
05/20/09,3.8
05/21/09,3.8
05/22/09,3.8
05/23/09,3.8
05/24/09,3.8
05/25/09,3.8
05/26/09,3.8
05/27/09,3.8
05/28/09,3.8
05/29/09,3.8
05/30/09,3.8
05/31/09,3.8
06/01/09,3.8
06/02/09,3.8
06/03/09,3.8
06/04/09,3.8
06/05/09,3.8
06/06/09,3.8
06/07/09,3.8
06/08/09,4.67
06/09/09,5.01
06/10/09,4.8
06/11/09,4.39
06/12/09,4.24
06/13/09,4.23
06/14/09,3.86
06/15/09,3.87
06/16/09,4.06
06/17/09,4.47
06/18/09,4.44
06/19/09,4.69
06/20/09,4.44
06/21/09,4.19
06/22/09,4.33
06/23/09,4.82
06/24/09,4.59
06/25/09,4.9
06/26/09,4.59
06/27/09,4.71
06/28/09,4.93
06/29/09,4.91
06/30/09,5.42
07/01/09,6.04
07/02/09,6.26
07/03/09,6.26
07/04/09,6.22
07/05/09,6.13
07/06/09,5.81
07/07/09,5.4
07/08/09,5.25
07/09/09,5.12
07/10/09,5.23
07/11/09,5.44
07/12/09,5.32
07/13/09,5.12
07/14/09,5.01
07/15/09,4.9
07/16/09,4.77
07/17/09,4.69
07/18/09,4.57
07/19/09,4.54
07/20/09,4.46
07/21/09,4.49
07/22/09,4.43
07/23/09,4.41
07/24/09,4.42
07/25/09,4.72
07/26/09,4.74
07/27/09,4.73
07/28/09,4.66
07/29/09,4.95
07/30/09,5.18
07/31/09,5.08
08/01/09,5.2
08/02/09,5.13
08/03/09,5.36
08/04/09,5.34
08/05/09,5.07
08/06/09,4.83
08/07/09,4.89
08/08/09,4.89
08/09/09,4.91
08/10/09,4.8
08/11/09,4.86
08/12/09,5.16
08/13/09,4.59
08/14/09,4.52
08/15/09,4.32
08/16/09,4.31
08/17/09,4.33
08/18/09,4.32
08/19/09,4.17
08/20/09,4.04
08/21/09,4.1
08/22/09,4.26
08/23/09,4.04
08/24/09,3.93
08/25/09,4.17
08/26/09,3.95
08/27/09,4.04
08/28/09,4.15
08/29/09,4.54
08/30/09,4.53
08/31/09,4.64
09/01/09,4.67
09/02/09,4.51
09/03/09,4.54
09/04/09,4.37
09/05/09,4.61
09/06/09,5.7
09/07/09,6.41
09/08/09,5.64
09/09/09,4.87
09/10/09,4.7
09/11/09,4.48
09/12/09,4.61
09/13/09,4.71
09/14/09,4.78
09/15/09,4.67
09/16/09,4.72
09/17/09,4.92
09/18/09,4.52
09/19/09,5.08
09/20/09,4.82
09/21/09,4.62
09/22/09,4.89
09/23/09,5.15
09/24/09,5.54
09/25/09,5.35
09/26/09,5.31
09/27/09,5.01
09/28/09,4.84
09/29/09,5.21
09/30/09,4.99
10/01/09,5.07
10/02/09,5.06
10/03/09,5.25
10/04/09,5.06
10/05/09,4.65
10/06/09,4.71
10/07/09,4.77
10/08/09,4.74
10/09/09,4.96
10/10/09,4.96
10/11/09,4.47
10/12/09,4.58
10/13/09,5.04
10/14/09,5.42
10/15/09,5.51
10/16/09,6.13
10/17/09,8.1
10/18/09,8.17
10/19/09,6.9
10/20/09,6.37
10/21/09,6.48
10/22/09,6.71
10/23/09,7.92
10/24/09,8.27
10/25/09,7.77
10/26/09,9.74
10/27/09,9.29
10/28/09,8.7
10/29/09,8.58
10/30/09,8.33
10/31/09,8.67
11/01/09,8.28
11/02/09,8.01
11/03/09,8.09
11/04/09,7.85
11/05/09,8.18
11/06/09,9.73
11/07/09,13.4
11/08/09,14.02
11/09/09,13
11/10/09,13.3
11/11/09,12.68
11/12/09,11.65
11/13/09,11.06
11/14/09,10.03
11/15/09,10.68
11/16/09,11.38
11/17/09,14.67
11/18/09,15.35
11/19/09,15.81
11/20/09,14.68
11/21/09,13.85
11/22/09,14.01
11/23/09,13.73
11/24/09,13.19
11/25/09,12.25
11/26/09,13.28
11/27/09,16.03
11/28/09,14.89
11/29/09,13.59
11/30/09,12.11
12/01/09,10.86
12/02/09,9.51
12/03/09,8.99
12/04/09,8.83
12/05/09,8.95
12/06/09,8.99
12/07/09,7.53
12/08/09,5.9
12/09/09,5.55
12/10/09,5.47
12/11/09,5.62
12/12/09,6.51
12/13/09,6.95
12/14/09,7.87
12/15/09,10.36
12/16/09,11.53
12/17/09,11.97
12/18/09,11.25
12/19/09,11.88
12/20/09,12.49
12/21/09,12.82
12/22/09,12.29
12/23/09,11.09
12/24/09,10.16
12/25/09,9.56
12/26/09,8.95
12/27/09,8.92
12/28/09,9.33
12/29/09,9.11
12/30/09,10.26
12/31/09,11.31
01/01/10,14.71
01/02/10,16.37
01/03/10,15.24
01/04/10,16.66
01/05/10,17.03
01/06/10,15.64
01/07/10,14.1
01/08/10,15.77
01/09/10,17.12
01/10/10,15.39
01/11/10,15.5
01/12/10,17.41
01/13/10,16.41
01/14/10,16.08
01/15/10,16.06
01/16/10,15.94
01/17/10,15.02
01/18/10,14.04
01/19/10,13.03
01/20/10,12.18
01/21/10,11.01
01/22/10,10.35
01/23/10,10.16
01/24/10,10.27
01/25/10,11.51
01/26/10,10.5
01/27/10,10.24
01/28/10,9.94
01/29/10,9.9
01/30/10,10.45
01/31/10,10.41
02/01/10,9.76
02/02/10,10.15
02/03/10,10.03
02/04/10,10.3
02/05/10,10.06
02/06/10,9.47
02/07/10,9.47
02/08/10,9.05
02/09/10,8.71
02/10/10,8.76
02/11/10,9.94
02/12/10,10.53
02/13/10,12.58
02/14/10,12.55
02/15/10,11.05
02/16/10,11.39
02/17/10,10.2
02/18/10,9.19
02/19/10,8.72
02/20/10,8.46
02/21/10,8.32
02/22/10,8.26
02/23/10,8.94
02/24/10,10.71
02/25/10,10.26
02/26/10,10.71
02/27/10,11.69
02/28/10,10.59
03/01/10,9.56
03/02/10,9.52
03/03/10,10.27
03/04/10,9.59
03/05/10,8.87
03/06/10,8.32
03/07/10,8.4
03/08/10,8.28
03/09/10,7.56
03/10/10,7.62
03/11/10,8.16
03/12/10,12.64
03/13/10,11.8
03/14/10,9.36
03/15/10,8.75
03/16/10,8.69
03/17/10,8.38
03/18/10,7.65
03/19/10,7.68
03/20/10,7.75
03/21/10,8.67
03/22/10,8.85
03/23/10,8.09
03/24/10,8
03/25/10,9.07
03/26/10,10.68
03/27/10,9.98
03/28/10,10.72
03/29/10,13.44
03/30/10,15.16
03/31/10,13.61
04/01/10,11.36
04/02/10,12.41
04/03/10,14.84
04/04/10,13.47
04/05/10,11.61
04/06/10,11.42
04/07/10,11.03
04/08/10,11.06
04/09/10,10.47
04/10/10,9.78
04/11/10,9.78
04/12/10,9.61
04/13/10,9.46
04/14/10,8.97
04/15/10,9.06
04/16/10,8.89
04/17/10,9.38
04/18/10,10.16
04/19/10,9.48
04/20/10,9.58
04/21/10,9.84
04/22/10,9.33
04/23/10,8.68
04/24/10,8.7
04/25/10,8.3
04/26/10,8.29
04/27/10,9.71
04/28/10,10.29
04/29/10,9.58
04/30/10,8.8
05/01/10,8.56
05/02/10,8.17
05/03/10,9.62
05/04/10,8.77
05/05/10,8.31
05/06/10,7.94
05/07/10,7.39
05/08/10,7.07
05/09/10,6.85
05/10/10,7.99
05/11/10,7.64
05/12/10,7.1
05/13/10,6.87
05/14/10,6.89
05/15/10,6.85
05/16/10,6.81
05/17/10,6.75
05/18/10,6.82
05/19/10,7.05
05/20/10,8.34
05/21/10,9.28
05/22/10,9.15
05/23/10,8.33
05/24/10,7.43
05/25/10,7.37
05/26/10,9.34
05/27/10,9.88
05/28/10,9.49
05/29/10,11.66
05/30/10,9.95
05/31/10,10.02
06/01/10,9.44
06/02/10,10.61
06/03/10,9.94
06/04/10,9.22
06/05/10,8.28
06/06/10,8.21
06/07/10,8.89
06/08/10,7.84
06/09/10,7.85
06/10/10,9.24
06/11/10,8.23
06/12/10,7.26
06/13/10,8.3
06/14/10,7.47
06/15/10,7.17
06/16/10,7.14
06/17/10,7.26
06/18/10,6.96
06/19/10,9.03
06/20/10,9.15
06/21/10,8.62
06/22/10,7.97
06/23/10,7.45
06/24/10,7.18
06/25/10,7.07
06/26/10,6.63
06/27/10,6.62
06/28/10,6.51
06/29/10,6.73
06/30/10,6.32
07/01/10,6.26
07/02/10,6.58
07/03/10,6.78
07/04/10,6.47
07/05/10,6.26
07/06/10,6.17
07/07/10,6.13
07/08/10,6.14
07/09/10,5.99
07/10/10,6.01
07/11/10,6.11
07/12/10,6.08
07/13/10,5.8
07/14/10,5.75
07/15/10,5.85
07/16/10,5.94
07/17/10,5.99
07/18/10,5.97
07/19/10,5.98
07/20/10,6.12
07/21/10,5.93
07/22/10,6.03
07/23/10,6.04
07/24/10,6.12
07/25/10,6.06
07/26/10,6.16
07/27/10,6.01
07/28/10,6.23
07/29/10,6.12
07/30/10,6.18
07/31/10,6.15
08/01/10,6.13
08/02/10,6.2
08/03/10,5.99
08/04/10,5.81
08/05/10,5.73
08/06/10,5.94
08/07/10,5.95
08/08/10,6.03
08/09/10,5.96
08/10/10,6.05
08/11/10,5.83
08/12/10,6.11
08/13/10,5.87
08/14/10,5.8
08/15/10,5.68
08/16/10,5.73
08/17/10,5.82
08/18/10,6.15
08/19/10,5.88
08/20/10,5.56
08/21/10,5.34
08/22/10,5.13
08/23/10,5.17
08/24/10,4.94
08/25/10,5.08
08/26/10,5.36
08/27/10,5.31
08/28/10,5.16
08/29/10,5.08
08/30/10,5.65
08/31/10,5.6
09/01/10,5.28
09/02/10,5.04
09/03/10,5.66
09/04/10,5.92
09/05/10,5.97
09/06/10,5.9
09/07/10,5.99
09/08/10,6.94
09/09/10,6.36
09/10/10,6.24
09/11/10,5.94
09/12/10,5.96
09/13/10,5.97
09/14/10,6.19
09/15/10,6.19
09/16/10,6.66
09/17/10,6.95
09/18/10,12.81
09/19/10,12.69
09/20/10,10.8
09/21/10,10.04
09/22/10,8.86
09/23/10,8.27
09/24/10,7.42
09/25/10,7.05
09/26/10,7
09/27/10,6.44
09/28/10,7.8
09/29/10,8.56
09/30/10,8
10/01/10,8.01
10/02/10,8.12
10/03/10,8.19
10/04/10,8.28
10/05/10,8.24
10/06/10,8.47
10/07/10,8.67
10/08/10,8.71
10/09/10,9.75
10/10/10,11.96
10/11/10,11.99
10/12/10,10.54
10/13/10,10.22
10/14/10,9.99
10/15/10,10.1
10/16/10,9.87
10/17/10,9.93
10/18/10,10.11
10/19/10,10.42
10/20/10,10.63
10/21/10,11.03
10/22/10,11.34
10/23/10,11.64
10/24/10,14.06
10/25/10,20.63
10/26/10,20.32
10/27/10,17.75
10/28/10,15.22
10/29/10,13.72
10/30/10,13.37
10/31/10,14.36
11/01/10,17.62
11/02/10,19.59
11/03/10,16.94
11/04/10,14.49
11/05/10,13.51
11/06/10,13.8
11/07/10,15.42
11/08/10,15.43
11/09/10,14.71
11/10/10,15.12
11/11/10,13.52
11/12/10,13.04
11/13/10,12.92
11/14/10,12.95
11/15/10,12.64
11/16/10,12.69
11/17/10,13.51
11/18/10,16.55
11/19/10,16.25
11/20/10,14.64
11/21/10,12.84
11/22/10,11.9
11/23/10,10.62
11/24/10,10
11/25/10,10.95
11/26/10,12.47
11/27/10,13.42
11/28/10,12.51
11/29/10,11.9
11/30/10,12.6
12/01/10,12.18
12/02/10,11.43
12/03/10,11.03
12/04/10,10.74
12/05/10,10.43
12/06/10,10.58
12/07/10,11.28
12/08/10,13.55
12/09/10,15.83
12/10/10,18.84
12/11/10,20.58
12/12/10,28.85
12/13/10,29.48
12/14/10,29.89
12/15/10,29.61
12/16/10,27.32
12/17/10,24.19
12/18/10,23.03
12/19/10,21.95
12/20/10,21.19
12/21/10,20.91
12/22/10,19.91
12/23/10,19.74
12/24/10,19.68
12/25/10,20.35
12/26/10,19.93
12/27/10,23.7
12/28/10,24.2
12/29/10,21.62
12/30/10,18.39
12/31/10,16.8
01/01/11,15.98
01/02/11,16.18
01/03/11,16.01
01/04/11,16.2
01/05/11,17.38
01/06/11,18.94
01/07/11,19.94
01/08/11,19.01
01/09/11,17.96
01/10/11,17.44
01/11/11,16.88
01/12/11,20.57
01/13/11,31.12
01/14/11,32.14
01/15/11,30.71
01/16/11,25.52
01/17/11,22.61
01/18/11,21.11
01/19/11,19.51
01/20/11,18.25
01/21/11,17.82
01/22/11,17
01/23/11,16.68
01/24/11,16.56
01/25/11,16.35
01/26/11,15.74
01/27/11,15.22
01/28/11,15.08
01/29/11,15.29
01/30/11,15.33
01/31/11,14.86
02/01/11,13.95
02/02/11,13.53
02/03/11,13.88
02/04/11,14
02/05/11,13.78
02/06/11,13.75
02/07/11,14.41
02/08/11,13.86
02/09/11,12.88
02/10/11,12.91
02/11/11,13.18
02/12/11,13.42
02/13/11,16
02/14/11,16.62
02/15/11,16.71
02/16/11,15.29
02/17/11,14.69
02/18/11,13.77
02/19/11,13.19
02/20/11,12.72
02/21/11,13.12
02/22/11,13.29
02/23/11,13.11
02/24/11,13.51
02/25/11,11.77
02/26/11,10.69
02/27/11,12.18
02/28/11,16.38
03/01/11,17.12
03/02/11,17.11
03/03/11,16.44
03/04/11,15.95
03/05/11,15.75
03/06/11,14.9
03/07/11,14.03
03/08/11,14.27
03/09/11,16.45
03/10/11,19.26
03/11/11,18.92
03/12/11,18.12
03/13/11,17.44
03/14/11,18.36
03/15/11,17.78
03/16/11,17.89
03/17/11,16.55
03/18/11,15.59
03/19/11,14.93
03/20/11,14.45
03/21/11,14.67
03/22/11,14.08
03/23/11,13.03
03/24/11,12.97
03/25/11,13.27
03/26/11,13.05
03/27/11,13.03
03/28/11,13.29
03/29/11,13.88
03/30/11,17.16
03/31/11,18.28
04/01/11,16.54
04/02/11,16.19
04/03/11,14.2
04/04/11,13.95
04/05/11,15.12
04/06/11,15.76
04/07/11,14.62
04/08/11,12.93
04/09/11,12.63
04/10/11,12.27
04/11/11,12.86
04/12/11,11.83
04/13/11,12.01
04/14/11,12.82
04/15/11,14.36
04/16/11,13.81
04/17/11,11.92
04/18/11,11.59
04/19/11,11.38
04/20/11,11.12
04/21/11,10.78
04/22/11,10.58
04/23/11,10.87
04/24/11,11.42
04/25/11,12.54
04/26/11,12.34
04/27/11,13.31
04/28/11,16.04
04/29/11,13.79
04/30/11,12.39
05/01/11,11.81
05/02/11,12.2
05/03/11,11.71
05/04/11,11.41
05/05/11,11.77
05/06/11,11.96
05/07/11,13.04
05/08/11,12.54
05/09/11,12.13
05/10/11,11.9
05/11/11,12.66
05/12/11,14.15
05/13/11,12.38
05/14/11,12.34
05/15/11,17.08
05/16/11,17.19
05/17/11,14.46
05/18/11,12.58
05/19/11,11.17
05/20/11,10.86
05/21/11,11.14
05/22/11,10.87
05/23/11,10.41
05/24/11,10.19
05/25/11,10.26
05/26/11,10.73
05/27/11,10.64
05/28/11,10.78
05/29/11,10.22
05/30/11,9.92
05/31/11,9.94
06/01/11,10
06/02/11,10.19
06/03/11,9.8
06/04/11,9.54
06/05/11,9.5
06/06/11,9.41
06/07/11,9.26
06/08/11,9.17
06/09/11,8.97
06/10/11,9.19
06/11/11,9.01
06/12/11,8.94
06/13/11,8.85
06/14/11,8.83
06/15/11,8.88
06/16/11,8.77
06/17/11,8.46
06/18/11,8.93
06/19/11,9.14
06/20/11,8.81
06/21/11,8.46
06/22/11,8.6
06/23/11,8.38
06/24/11,8.19
06/25/11,8.23
06/26/11,7.93
06/27/11,7.99
06/28/11,8.14
06/29/11,7.99
06/30/11,7.9
07/01/11,7.59
07/02/11,7.52
07/03/11,7.77
07/04/11,7.64
07/05/11,7.3
07/06/11,7.1
07/07/11,7.48
07/08/11,7.39
07/09/11,7.26
07/10/11,7.17
07/11/11,7.09
07/12/11,7.3
07/13/11,7.51
07/14/11,8.02
07/15/11,7.63
07/16/11,9.08
07/17/11,8.9
07/18/11,8.09
07/19/11,7.75
07/20/11,7.23
07/21/11,7.2
07/22/11,7.16
07/23/11,6.97
07/24/11,6.98
07/25/11,6.98
07/26/11,7.47
07/27/11,7.55
07/28/11,7.05
07/29/11,7.17
07/30/11,6.86
07/31/11,6.85
08/01/11,7.1
08/02/11,6.82
08/03/11,6.41
08/04/11,6.45
08/05/11,6.48
08/06/11,6.51
08/07/11,6.56
08/08/11,6.7
08/09/11,6.55
08/10/11,6.26
08/11/11,6.06
08/12/11,6.22
08/13/11,6.05
08/14/11,6.12
08/15/11,6.12
08/16/11,5.74
08/17/11,5.68
08/18/11,5.71
08/19/11,5.85
08/20/11,5.73
08/21/11,5.77
08/22/11,5.84
08/23/11,5.85
08/24/11,5.74
08/25/11,5.59
08/26/11,5.68
08/27/11,5.56
08/28/11,5.63
08/29/11,5.57
08/30/11,6.04
08/31/11,6.26
09/01/11,5.93
09/02/11,6.07
09/03/11,6.02
09/04/11,5.99
09/05/11,6.01
09/06/11,6.08
09/07/11,5.9
09/08/11,5.92
09/09/11,6.01
09/10/11,5.8
09/11/11,5.72
09/12/11,5.97
09/13/11,6.04
09/14/11,6.01
09/15/11,6.24
09/16/11,6
09/17/11,6.32
09/18/11,6.82
09/19/11,6.33
09/20/11,6.12
09/21/11,6.16
09/22/11,6.15
09/23/11,6.19
09/24/11,6.44
09/25/11,6.9
09/26/11,7.73
09/27/11,7.84
09/28/11,7.19
09/29/11,6.74
09/30/11,6.89
10/01/11,7.01
10/02/11,6.91
10/03/11,7.05
10/04/11,7.18
10/05/11,7.5
10/06/11,7.6
10/07/11,7.74
10/08/11,7.51
10/09/11,7.38
10/10/11,7.68
10/11/11,9.69
10/12/11,10.34
10/13/11,9.59
10/14/11,8.82
10/15/11,8.44
10/16/11,8.43
10/17/11,8.12
10/18/11,8.27
10/19/11,8.5
10/20/11,8.52
10/21/11,8.64
10/22/11,9.62
10/23/11,10.4
10/24/11,8.94
10/25/11,8.66
10/26/11,8.5
10/27/11,8.39
10/28/11,8.4
10/29/11,9.15
10/30/11,9.27
10/31/11,8.87
11/01/11,8.47
11/02/11,8.14
11/03/11,10.74
11/04/11,9.53
11/05/11,8.69
11/06/11,8.32
11/07/11,8.19
11/08/11,8.35
11/09/11,8.54
11/10/11,8.12
11/11/11,8.31
11/12/11,9.7
11/13/11,10.72
11/14/11,10.61
11/15/11,9.15
11/16/11,8.94
11/17/11,10.09
11/18/11,11.55
11/19/11,10.32
11/20/11,9.27
11/21/11,9.54
11/22/11,14.38
11/23/11,17.88
11/24/11,19.96
11/25/11,18.22
11/26/11,15.7
11/27/11,14.27
11/28/11,14.2
11/29/11,12.99
11/30/11,11.71
12/01/11,10.89
12/02/11,10.68
12/03/11,10.01
12/04/11,10.03
12/05/11,9.42
12/06/11,10.02
12/07/11,10.37
12/08/11,10.05
12/09/11,9.43
12/10/11,9.13
12/11/11,9.6
12/12/11,8.96
12/13/11,8.78
12/14/11,9.2
12/15/11,10.06
12/16/11,9.9
12/17/11,9.39
12/18/11,10.17
12/19/11,9.3
12/20/11,9.16
12/21/11,8.49
12/22/11,7.84
12/23/11,8.02
12/24/11,8.31
12/25/11,8.74
12/26/11,9.79
12/27/11,11.76
12/28/11,15.83
12/29/11,16.22
12/30/11,16.12
12/31/11,15.2
01/01/12,12.56
01/02/12,11.41
01/03/12,11.76
01/04/12,12.52
01/05/12,15
01/06/12,13.99
01/07/12,13.32
01/08/12,12.23
01/09/12,12.52
01/10/12,12.47
01/11/12,11.6
01/12/12,11.51
01/13/12,11.69
01/14/12,12.86
01/15/12,13.23
01/16/12,12.87
01/17/12,14.8
01/18/12,15.15
01/19/12,16.54
01/20/12,19.81
01/21/12,24.35
01/22/12,24.6
01/23/12,23.29
01/24/12,20.88
01/25/12,23.28
01/26/12,22.28
01/27/12,18.71
01/28/12,17.43
01/29/12,18.26
01/30/12,21.74
01/31/12,19.84
02/01/12,18.22
02/02/12,16.97
02/03/12,15.44
02/04/12,14.56
02/05/12,14.06
02/06/12,13.69
02/07/12,13.51
02/08/12,14.75
02/09/12,15.25
02/10/12,15.53
02/11/12,15.29
02/12/12,14.63
02/13/12,14.49
02/14/12,14.35
02/15/12,13.96
02/16/12,13.4
02/17/12,13.41
02/18/12,16.11
02/19/12,17.22
02/20/12,15.54
02/21/12,15.21
02/22/12,16.95
02/23/12,15.6
02/24/12,14.15
02/25/12,14.52
02/26/12,13.74
02/27/12,12.37
02/28/12,11.58
02/29/12,11.6
03/01/12,13.02
03/02/12,12.5
03/03/12,11.89
03/04/12,11.41
03/05/12,12.14
03/06/12,11.89
03/07/12,10.51
03/08/12,10.48
03/09/12,10.7
03/10/12,11.33
03/11/12,13.08
03/12/12,13.69
03/13/12,15.86
03/14/12,15.19
03/15/12,16.19
03/16/12,16.04
03/17/12,16.11
03/18/12,15.14
03/19/12,12.98
03/20/12,12.5
03/21/12,12.75
03/22/12,13.12
03/23/12,12.28
03/24/12,11.5
03/25/12,11.41
03/26/12,11.77
03/27/12,11.6
03/28/12,12.14
03/29/12,14.85
03/30/12,16.95
03/31/12,16.43
04/01/12,16.57
04/02/12,15.38
04/03/12,14.53
04/04/12,13.72
04/05/12,13.12
04/06/12,13.31
04/07/12,12.52
04/08/12,12.53
04/09/12,12.47
04/10/12,12.28
04/11/12,13.17
04/12/12,13.18
04/13/12,12.36
04/14/12,11.67
04/15/12,11.42
04/16/12,12.55
04/17/12,11.9
04/18/12,12.07
04/19/12,12.32
04/20/12,16.06
04/21/12,14.7
04/22/12,12.8
04/23/12,11.94
04/24/12,11.73
04/25/12,11.83
04/26/12,14.92
04/27/12,13.58
04/28/12,12.15
04/29/12,11.69
04/30/12,12.75
05/01/12,12.88
05/02/12,12.08
05/03/12,13.68
05/04/12,15.75
05/05/12,13.29
05/06/12,11.99
05/07/12,11.38
05/08/12,11.09
05/09/12,10.77
05/10/12,10.17
05/11/12,10.02
05/12/12,10.1
05/13/12,10.23
05/14/12,10.34
05/15/12,10.22
05/16/12,10.01
05/17/12,9.75
05/18/12,9.61
05/19/12,9.15
05/20/12,9.68
05/21/12,10.97
05/22/12,12.31
05/23/12,11.7
05/24/12,10.77
05/25/12,10.1
05/26/12,9.59
05/27/12,9.59
05/28/12,9.43
05/29/12,8.74
05/30/12,8.71
05/31/12,9.06
06/01/12,9.57
06/02/12,9.51
06/03/12,8.88
06/04/12,8.92
06/05/12,9.46
06/06/12,8.72
06/07/12,10.1
06/08/12,10.91
06/09/12,11.42
06/10/12,9.61
06/11/12,8.95
06/12/12,9.13
06/13/12,8.99
06/14/12,8.43
06/15/12,8.12
06/16/12,8.13
06/17/12,8.01
06/18/12,8.09
06/19/12,8.12
06/20/12,7.66
06/21/12,7.78
06/22/12,8.15
06/23/12,9.8
06/24/12,11.17
06/25/12,11.8
06/26/12,9.71
06/27/12,8.46
06/28/12,8.13
06/29/12,8.03
06/30/12,8.47
07/01/12,8.46
07/02/12,8.2
07/03/12,8.6
07/04/12,8.29
07/05/12,8.3
07/06/12,8.38
07/07/12,8.15
07/08/12,8.24
07/09/12,8.47
07/10/12,8.48
07/11/12,8.28
07/12/12,8.39
07/13/12,8.67
07/14/12,10.34
07/15/12,9.61
07/16/12,8.57
07/17/12,7.86
07/18/12,7.65
07/19/12,7.4
07/20/12,8.47
07/21/12,8.24
07/22/12,7.98
07/23/12,7.46
07/24/12,7.4
07/25/12,7.29
07/26/12,7.44
07/27/12,7.21
07/28/12,7.29
07/29/12,7.2
07/30/12,7.42
07/31/12,7.12
08/01/12,6.91
08/02/12,6.75
08/03/12,6.77
08/04/12,6.76
08/05/12,6.57
08/06/12,6.68
08/07/12,7.7
08/08/12,7.75
08/09/12,7.36
08/10/12,7.08
08/11/12,7.01
08/12/12,6.64
08/13/12,6.71
08/14/12,6.78
08/15/12,6.78
08/16/12,6.62
08/17/12,6.6
08/18/12,6.98
08/19/12,6.93
08/20/12,6.77
08/21/12,6.88
08/22/12,6.48
08/23/12,6.51
08/24/12,6.24
08/25/12,6.06
08/26/12,6.39
08/27/12,6.66
08/28/12,6.67
08/29/12,6.64
08/30/12,6.55
08/31/12,6.29
09/01/12,6.39
09/02/12,6.32
09/03/12,6.28
09/04/12,6.28
09/05/12,6.4
09/06/12,6.26
09/07/12,6.27
09/08/12,6.3
09/09/12,6.46
09/10/12,6.52
09/11/12,6.08
09/12/12,5.87
09/13/12,5.88
09/14/12,6.02
09/15/12,6.29
09/16/12,6.05
09/17/12,6.05
09/18/12,6.28
09/19/12,6.58
09/20/12,6.64
09/21/12,6.5
09/22/12,6.35
09/23/12,6.01
09/24/12,6.21
09/25/12,6.77
09/26/12,6.55
09/27/12,6.49
09/28/12,6.67
09/29/12,6.44
09/30/12,6.02
10/01/12,6.1
10/02/12,6.65
10/03/12,6.2
10/04/12,5.7
10/05/12,5.76
10/06/12,5.89
10/07/12,6.11
10/08/12,6.17
10/09/12,6.33
10/10/12,6.75
10/11/12,6.9
10/12/12,7.19
10/13/12,7.31
10/14/12,7.28
10/15/12,8.76
10/16/12,8.79
10/17/12,8.1
10/18/12,7.72
10/19/12,8.6
10/20/12,9.04
10/21/12,9.22
10/22/12,8.62
10/23/12,9.35
10/24/12,8.78
10/25/12,8.67
10/26/12,8.92
10/27/12,10.45
10/28/12,12.91
10/29/12,15.02
10/30/12,15.38
10/31/12,17.88
11/01/12,17.94
11/02/12,16.95
11/03/12,15.97
11/04/12,14.82
11/05/12,14.62
11/06/12,14.68
11/07/12,14.58
11/08/12,13.71
11/09/12,13.57
11/10/12,13.4
11/11/12,14.73
11/12/12,17.41
11/13/12,17.13
11/14/12,16.98
11/15/12,16.93
11/16/12,17.24
11/17/12,18.63
11/18/12,22.83
11/19/12,29.63
11/20/12,30.51
11/21/12,30.26
11/22/12,30.02
11/23/12,29.59
11/24/12,27.93
11/25/12,23.76
11/26/12,21.4
11/27/12,19.79
11/28/12,19.56
11/29/12,20.11
11/30/12,21.88
12/01/12,29.06
12/02/12,28.42
12/03/12,28.58
12/04/12,28.8
12/05/12,27.92
12/06/12,28.13
12/07/12,28.06
12/08/12,25.53
12/09/12,22.96
12/10/12,22.22
12/11/12,21.17
12/12/12,20.89
12/13/12,19.71
12/14/12,19.77
12/15/12,19.17
12/16/12,21.33
12/17/12,25.91
12/18/12,24.44
12/19/12,25.55
12/20/12,25.06
12/21/12,23.91
12/22/12,25.88
12/23/12,23.79
12/24/12,22.83
12/25/12,23.24
12/26/12,24.36
12/27/12,21.88
12/28/12,19.87
12/29/12,18.69
12/30/12,18.41
12/31/12,17.53
01/01/13,16.82
01/02/13,16.5
01/03/13,16.13
01/04/13,17.33
01/05/13,16.58
01/06/13,16.55
01/07/13,17.3
01/08/13,18.93
01/09/13,21.95
01/10/13,22.1
01/11/13,19.44
01/12/13,16.22
01/13/13,15.22
01/14/13,14.85
01/15/13,15.4
01/16/13,14.56
01/17/13,14.7
01/18/13,14.88
01/19/13,14.52
01/20/13,14.62
01/21/13,14.45
01/22/13,13.97
01/23/13,14.91
01/24/13,15.06
01/25/13,15.83
01/26/13,15.42
01/27/13,15.18
01/28/13,15.11
01/29/13,15.15
01/30/13,15.72
01/31/13,15.83
02/01/13,14.96
02/02/13,14.09
02/03/13,14.09
02/04/13,14.01
02/05/13,14.18
02/06/13,15.05
02/07/13,14.49
02/08/13,13.49
02/09/13,13.18
02/10/13,12.99
02/11/13,12.82
02/12/13,13.17
02/13/13,12.88
02/14/13,12.69
02/15/13,12.64
02/16/13,12.54
02/17/13,12.14
02/18/13,12.02
02/19/13,11.96
02/20/13,11.79
02/21/13,12.16
02/22/13,15.14
02/23/13,16.83
02/24/13,14.49
02/25/13,13.56
02/26/13,12.82
02/27/13,12.17
02/28/13,14.04
03/01/13,15.09
03/02/13,13.18
03/03/13,12.18
03/04/13,11.29
03/05/13,11.36
03/06/13,12.37
03/07/13,14.79
03/08/13,13.1
03/09/13,11.79
03/10/13,11.69
03/11/13,11.74
03/12/13,12.53
03/13/13,12.82
03/14/13,12.79
03/15/13,12.29
03/16/13,12.36
03/17/13,12.45
03/18/13,11.86
03/19/13,11.54
03/20/13,15.84
03/21/13,15.67
03/22/13,13.16
03/23/13,11.92
03/24/13,11.53
03/25/13,11.5
03/26/13,11.59
03/27/13,11.68
03/28/13,12.17
03/29/13,11.95
03/30/13,11.58
03/31/13,11.62
04/01/13,11.79
04/02/13,11.95
04/03/13,11.73
04/04/13,12.53
04/05/13,16.58
04/06/13,17.33
04/07/13,17.46
04/08/13,16.9
04/09/13,15.48
04/10/13,14.85
04/11/13,14.44
04/12/13,13.72
04/13/13,14.67
04/14/13,16
04/15/13,14.54
04/16/13,13.59
04/17/13,13.12
04/18/13,13.38
04/19/13,14.08
04/20/13,14.05
04/21/13,13.63
04/22/13,13.19
04/23/13,12.6
04/24/13,12.58
04/25/13,12.76
04/26/13,12.69
04/27/13,12.79
04/28/13,12.88
04/29/13,13.15
04/30/13,12
05/01/13,11.66
05/02/13,11.9
05/03/13,11.67
05/04/13,11.85
05/05/13,11.9
05/06/13,11.7
05/07/13,11.92
05/08/13,11.81
05/09/13,11.68
05/10/13,11.54
05/11/13,11.72
05/12/13,11.68
05/13/13,12.02
05/14/13,11.84
05/15/13,11.24
05/16/13,11.52
05/17/13,12.18
05/18/13,11.99
05/19/13,11.5
05/20/13,11.43
05/21/13,13.2
05/22/13,12.81
05/23/13,13.25
05/24/13,13.95
05/25/13,12.56
05/26/13,12.59
05/27/13,14.74
05/28/13,14.26
05/29/13,14.17
05/30/13,13.14
05/31/13,12.03
06/01/13,11.39
06/02/13,11.31
06/03/13,10.85
06/04/13,10.51
06/05/13,10.55
06/06/13,10.29
06/07/13,10.28
06/08/13,10.31
06/09/13,10.25
06/10/13,9.83
06/11/13,9.75
06/12/13,9.86
06/13/13,10.23
06/14/13,9.85
06/15/13,9.59
06/16/13,9.67
06/17/13,9.65
06/18/13,9.65
06/19/13,9.58
06/20/13,9.64
06/21/13,9.73
06/22/13,9.38
06/23/13,9.58
06/24/13,11.73
06/25/13,11.36
06/26/13,10.52
06/27/13,11.02
06/28/13,10.71
06/29/13,10.07
06/30/13,9.73
07/01/13,9.64
07/02/13,9.67
07/03/13,9.24
07/04/13,9.47
07/05/13,9.32
07/06/13,8.94
07/07/13,8.87
07/08/13,8.86
07/09/13,8.51
07/10/13,8.76
07/11/13,8.52
07/12/13,8.6
07/13/13,8.35
07/14/13,8.3
07/15/13,8.3
07/16/13,8.13
07/17/13,8.47
07/18/13,8.17
07/19/13,8.11
07/20/13,8.28
07/21/13,8.2
07/22/13,8.05
07/23/13,7.91
07/24/13,7.74
07/25/13,7.7
07/26/13,7.51
07/27/13,7.5
07/28/13,7.75
07/29/13,7.66
07/30/13,7.68
07/31/13,7.61
08/01/13,7.48
08/02/13,7.56
08/03/13,7.6
08/04/13,7.37
08/05/13,7.17
08/06/13,7.04
08/07/13,7.14
08/08/13,7.12
08/09/13,7.24
08/10/13,7.17
08/11/13,7.11
08/12/13,6.7
08/13/13,6.6
08/14/13,6.71
08/15/13,7.04
08/16/13,7.1
08/17/13,6.87
08/18/13,6.82
08/19/13,6.81
08/20/13,6.62
08/21/13,6.52
08/22/13,6.6
08/23/13,6.52
08/24/13,6.46
08/25/13,6.34
08/26/13,6.54
08/27/13,6.67
08/28/13,6.82
08/29/13,7.05
08/30/13,7.21
08/31/13,7.11
09/01/13,7.03
09/02/13,7.02
09/03/13,7.84
09/04/13,7.98
09/05/13,7.74
09/06/13,13.22
09/07/13,11.95
09/08/13,9.8
09/09/13,8.44
09/10/13,7.75
09/11/13,7.23
09/12/13,7.18
09/13/13,7.16
09/14/13,6.98
09/15/13,7.17
09/16/13,7.17
09/17/13,7.3
09/18/13,7.63
09/19/13,7.47
09/20/13,7.28
09/21/13,7.34
09/22/13,8.31
09/23/13,10.88
09/24/13,9.85
09/25/13,9.62
09/26/13,9.06
09/27/13,8.72
09/28/13,12.06
09/29/13,14.83
09/30/13,14.67
10/01/13,14.49
10/02/13,14.3
10/03/13,14.51
10/04/13,12.65
10/05/13,10.87
10/06/13,9.76
10/07/13,9.79
10/08/13,9.79
10/09/13,9.72
10/10/13,9.37
10/11/13,9.12
10/12/13,9.24
10/13/13,8.99
10/14/13,8.76
10/15/13,8.72
10/16/13,9.22
10/17/13,15.1
10/18/13,15.83
10/19/13,16.22
10/20/13,16.73
10/21/13,15.7
10/22/13,14.01
10/23/13,13.91
10/24/13,12.19
10/25/13,10.8
10/26/13,10.43
10/27/13,9.97
10/28/13,8.17
10/29/13,6.32
10/30/13,6.07
10/31/13,7.02
11/01/13,6.22
11/02/13,9.66
11/03/13,9.07
11/04/13,6.45
11/05/13,6.71
11/06/13,6.48
11/07/13,13.25
11/08/13,17.51
11/09/13,12.35
11/10/13,9.06
11/11/13,6.11
11/12/13,5.63
11/13/13,5.46
11/14/13,5.48
11/15/13,5.45
11/16/13,6.9
11/17/13,8.21
11/18/13,21.48
11/19/13,24.55
11/20/13,19
11/21/13,9.41
11/22/13,6.26
11/23/13,5.73
11/24/13,5.59
11/25/13,5.46
11/26/13,5.46
11/27/13,5.47
11/28/13,5.59
11/29/13,5.85
11/30/13,5.91
12/01/13,12.56
12/02/13,15.16
12/03/13,9.79
12/04/13,5.81
12/05/13,5.39
12/06/13,5.41
12/07/13,5.26
12/08/13,5.16
12/09/13,5.27
12/10/13,5.38
12/11/13,5.41
12/12/13,5.74
12/13/13,8.04
12/14/13,7.85
12/15/13,10.21
12/16/13,9.69
12/17/13,9.31
12/18/13,9.23
12/19/13,6.8
12/20/13,8.27
12/21/13,10.29
12/22/13,11.87
12/23/13,13.45
12/24/13,12.85
12/25/13,10.7
12/26/13,8.76
12/27/13,8.03
12/28/13,8.34
12/29/13,8.41
12/30/13,8.68
12/31/13,9.82
01/01/14,8.98
01/02/14,9.7
01/03/14,8.24
01/04/14,6.32
01/05/14,6.07
01/06/14,6.44
01/07/14,14.57
01/08/14,18.75
01/09/14,19.9
01/10/14,25.51
01/11/14,34.44
01/12/14,37.88
01/13/14,32.3
01/14/14,22.93
01/15/14,17.31
01/16/14,16.29
01/17/14,13.99
01/18/14,11.21
01/19/14,11.82
01/20/14,10.93
01/21/14,8.7
01/22/14,11.56
01/23/14,9.05
01/24/14,9.25
01/25/14,7.66
01/26/14,8.23
01/27/14,8.47
01/28/14,11.61
01/29/14,25.28
01/30/14,21.3
01/31/14,18.06
02/01/14,16.87
02/02/14,13.87
02/03/14,9.81
02/04/14,6.79
02/05/14,5.78
02/06/14,5.62
02/07/14,5.6
02/08/14,6.11
02/09/14,6.51
02/10/14,14.55
02/11/14,24.6
02/12/14,29.91
02/13/14,27.85
02/14/14,26.09
02/15/14,23.04
02/16/14,31
02/17/14,43.62
02/18/14,46.4
02/19/14,45.3
02/20/14,43.12
02/21/14,37.67
02/22/14,27.94
02/23/14,23.12
02/24/14,28.45
02/25/14,32.76
02/26/14,24.27
02/27/14,20.72
02/28/14,20.01
03/01/14,18.32
03/02/14,18.84
03/03/14,29.9
03/04/14,30.65
03/05/14,35.69
03/06/14,40.92
03/07/14,38.57
03/08/14,36.33
03/09/14,40.46
03/10/14,42.52
03/11/14,38.05
03/12/14,34.4
03/13/14,28.74
03/14/14,30.53
03/15/14,29.43
03/16/14,34.59
03/17/14,38.03
03/18/14,33.34
03/19/14,28.29
03/20/14,24.53
03/21/14,19.85
03/22/14,18.68
03/23/14,19.31
03/24/14,17.83
03/25/14,19.55
03/26/14,19.62
03/27/14,21.74
03/28/14,27.17
03/29/14,34.52
03/30/14,35.81
03/31/14,32.51
04/01/14,26.42
04/02/14,21.2
04/03/14,19.17
04/04/14,19.82
04/05/14,19.84
04/06/14,20.46
04/07/14,19.69
04/08/14,19.78
04/09/14,19.45
04/10/14,17.04
04/11/14,16.39
04/12/14,16.22
04/13/14,14.24
04/14/14,14.47
04/15/14,15.31
04/16/14,15.75
04/17/14,20.02
04/18/14,21.44
04/19/14,17.82
04/20/14,18.66
04/21/14,16.4
04/22/14,16.41
04/23/14,24.41
04/24/14,32.31
04/25/14,24.69
04/26/14,17.16
04/27/14,18.37
04/28/14,18.87
04/29/14,15.97
04/30/14,13.79
05/01/14,13.53
05/02/14,13.42
05/03/14,14.16
05/04/14,31.81
05/05/14,27.66
05/06/14,21.8
05/07/14,15.73
05/08/14,17.68
05/09/14,30.6
05/10/14,31.87
05/11/14,24.09
05/12/14,18.66
05/13/14,16.41
05/14/14,13.83
05/15/14,14.37
05/16/14,14.21
05/17/14,13.32
05/18/14,14.27
05/19/14,17.67
05/20/14,14.2
05/21/14,12.68
05/22/14,11.32
05/23/14,13.72
05/24/14,14.19
05/25/14,13.17
05/26/14,16.18
05/27/14,12.82
05/28/14,12.62
05/29/14,12.74
05/30/14,11.86
05/31/14,11.45
06/01/14,11.3
06/02/14,11.45
06/03/14,11.64
06/04/14,10.94
06/05/14,10.72
06/06/14,8.41
06/07/14,8.93
06/08/14,8.89
06/09/14,9.35
06/10/14,9.78
06/11/14,8.99
06/12/14,10.71
06/13/14,15.84
06/14/14,13.45
06/15/14,12.19
06/16/14,12.11
06/17/14,13.89
06/18/14,16.28
06/19/14,15.51
06/20/14,14.83
06/21/14,11.08
06/22/14,10.18
06/23/14,9.53
06/24/14,10.32
06/25/14,11.47
06/26/14,12.46
06/27/14,14.41
06/28/14,15.96
06/29/14,14.24
06/30/14,12.01
07/01/14,9.77
07/02/14,10.86
07/03/14,10.53
07/04/14,10.02
07/05/14,9.79
07/06/14,8.98
07/07/14,10.06
07/08/14,9.44
07/09/14,9.75
07/10/14,9.29
07/11/14,8.79
07/12/14,8.39
07/13/14,8.49
07/14/14,9.76
07/15/14,10.03
07/16/14,10.54
07/17/14,10.05
07/18/14,10.24
07/19/14,10.71
07/20/14,12.07
07/21/14,10.87
07/22/14,11.22
07/23/14,11.27
07/24/14,13.86
07/25/14,11.9
07/26/14,11.53
07/27/14,11.11
07/28/14,10.67
07/29/14,10.38
07/30/14,8.78
07/31/14,7.16
08/01/14,6.56
08/02/14,6.17
08/03/14,6.58
08/04/14,6.36
08/05/14,6.72
08/06/14,7.58
08/07/14,7.05
08/08/14,7.33
08/09/14,6.66
08/10/14,6.25
08/11/14,6.51
08/12/14,7.45
08/13/14,20.24
08/14/14,18.19
08/15/14,13.65
08/16/14,10.56
08/17/14,9.05
08/18/14,8.35
08/19/14,8.79
08/20/14,10.11
08/21/14,9.42
08/22/14,8.85
08/23/14,8.17
08/24/14,9.57
08/25/14,8.67
08/26/14,8.09
08/27/14,7.51
08/28/14,7.62
08/29/14,7.62
08/30/14,9.04
08/31/14,9.81
09/01/14,8.85
09/02/14,9.21
09/03/14,8.94
09/04/14,7.83
09/05/14,6.68
09/06/14,6.66
09/07/14,6.98
09/08/14,7.26
09/09/14,6.7
09/10/14,7.46
09/11/14,5.7
09/12/14,5.86
09/13/14,5.82
09/14/14,5.82
09/15/14,5.99
09/16/14,5.94
09/17/14,5.82
09/18/14,5.76
09/19/14,5.68
09/20/14,5.73
09/21/14,5.74
09/22/14,5.78
09/23/14,6.51
09/24/14,17.34
09/25/14,15.68
09/26/14,14.8
09/27/14,14.03
09/28/14,10.7
09/29/14,9.43
09/30/14,7.32
10/01/14,6.74
10/02/14,5.7
10/03/14,5.58
10/04/14,5.91
10/05/14,5.67
10/06/14,5.86
10/07/14,6.05
10/08/14,6.21
10/09/14,6.71
10/10/14,6.05
10/11/14,5.71
10/12/14,5.85
10/13/14,5.93
10/14/14,10.9
10/15/14,11.57
10/16/14,10.82
10/17/14,10.39
10/18/14,8.91
10/19/14,7.52
10/20/14,9.82
10/21/14,12.52
10/22/14,17.3
10/23/14,27.08
10/24/14,26.07
10/25/14,25.3
10/26/14,25.41
10/27/14,19.69
10/28/14,19.11
10/29/14,20.87
10/30/14,21.3
10/31/14,36.02
11/01/14,32.7
11/02/14,24.77
11/03/14,21.69
11/04/14,22.15
11/05/14,20.44
11/06/14,23.16
11/07/14,22.11
11/08/14,19.6
11/09/14,19.53
11/10/14,18.02
11/11/14,12.07
11/12/14,9.17
11/13/14,8.66
11/14/14,6.6
11/15/14,5.85
11/16/14,5.76
11/17/14,5.83
11/18/14,6.05
11/19/14,6.42
11/20/14,8.57
11/21/14,9.95
11/22/14,17.2
11/23/14,20.53
11/24/14,11.76
11/25/14,13.35
11/26/14,15.58
11/27/14,13.56
11/28/14,14.98
11/29/14,13.44
11/30/14,6.03
12/01/14,5.3
12/02/14,5.2
12/03/14,5.2
12/04/14,5.28
12/05/14,5.32
12/06/14,5.35
12/07/14,5.35
12/08/14,5.32
12/09/14,5.59
12/10/14,15.97
12/11/14,18.09
12/12/14,17.02
12/13/14,9.78
12/14/14,6.22
12/15/14,5.36
12/16/14,5.35
12/17/14,5.34
12/18/14,5.35
12/19/14,5.48
12/20/14,7.81
12/21/14,17.99
12/22/14,15.07
12/23/14,11.85
12/24/14,16.93
12/25/14,12.86
12/26/14,8.63
12/27/14,8.48
12/28/14,7.25
12/29/14,5.65
12/30/14,5.32
12/31/14,5.27
01/01/15,5.26
01/02/15,5.34
01/03/15,5.41
01/04/15,8.4
01/05/15,28.16
01/06/15,25.4
01/07/15,23.08
01/08/15,14.53
01/09/15,8.82
01/10/15,8.67
01/11/15,7.67
01/12/15,6.87
01/13/15,6.1
01/14/15,5.71
01/15/15,6.2
01/16/15,11.5
01/17/15,12.44
01/18/15,27.41
01/19/15,23.27
01/20/15,17.22
01/21/15,9.58
01/22/15,9.38
01/23/15,10.44
01/24/15,15.98
01/25/15,13.05
01/26/15,9.55
01/27/15,10.08
01/28/15,9.34
01/29/15,9.24
01/30/15,7.79
01/31/15,7.57
02/01/15,7.92
02/02/15,9.4
02/03/15,9.58
02/04/15,9.62
02/05/15,22.27
02/06/15,30.02
02/07/15,29.54
02/08/15,30.88
02/09/15,31
02/10/15,25.28
02/11/15,19.82
02/12/15,16.52
02/13/15,14.43
02/14/15,13.09
02/15/15,9.56
02/16/15,10.46
02/17/15,9.1
02/18/15,8.47
02/19/15,9.36
02/20/15,9.06
02/21/15,7.87
02/22/15,6.1
02/23/15,6.13
02/24/15,6.27
02/25/15,6.49
02/26/15,7.52
02/27/15,21.67
02/28/15,19.23
03/01/15,9.9
03/02/15,9.7
03/03/15,6.54
03/04/15,6.08
03/05/15,6.25
03/06/15,6.49
03/07/15,6.41
03/08/15,6.65
03/09/15,6.59
03/10/15,7.22
03/11/15,7.25
03/12/15,8.32
03/13/15,7.51
03/14/15,21.57
03/15/15,32.9
03/16/15,34.46
03/17/15,27.82
03/18/15,18.88
03/19/15,11.83
03/20/15,10.27
03/21/15,13.67
03/22/15,12.59
03/23/15,11.9
03/24/15,19.6
03/25/15,20.42
03/26/15,17.55
03/27/15,14.61
03/28/15,14.51
03/29/15,12.18
03/30/15,12.37
03/31/15,12.52
04/01/15,13.12
04/02/15,13.02
04/03/15,11.46
04/04/15,11.29
04/05/15,9.99
04/06/15,10.5
04/07/15,11.34
04/08/15,11.25
04/09/15,11.27
04/10/15,10.34
04/11/15,21.73
04/12/15,17.58
04/13/15,15.59
04/14/15,14.51
04/15/15,12.38
04/16/15,12.01
04/17/15,12.18
04/18/15,12.1
04/19/15,10.85
04/20/15,11.1
04/21/15,11.17
04/22/15,8.36
04/23/15,7.77
04/24/15,10.9
04/25/15,13.55
04/26/15,10.7
04/27/15,9.06
04/28/15,10.21
04/29/15,7.73
04/30/15,7.02
05/01/15,7.11
05/02/15,6.55
05/03/15,6.63
05/04/15,5.93
05/05/15,7.14
05/06/15,7.26
05/07/15,6.18
05/08/15,6.21
05/09/15,5.7
05/10/15,5.8
05/11/15,6.51
05/12/15,8.29
05/13/15,10.19
05/14/15,10.65
05/15/15,7.26
05/16/15,6.31
05/17/15,6.32
05/18/15,6.01
05/19/15,6.05
05/20/15,8.11
05/21/15,8.57
05/22/15,8.81
05/23/15,8.42
05/24/15,8.52
05/25/15,8.69
05/26/15,8.67
05/27/15,7.53
05/28/15,7.06
05/29/15,7.12
05/30/15,6.91
05/31/15,6.58
06/01/15,7.74
06/02/15,7.99
06/03/15,7.84
06/04/15,6.47
06/05/15,6.23
06/06/15,6.08
06/07/15,5.9
06/08/15,5.96
06/09/15,6.27
06/10/15,6.33
06/11/15,6.58
06/12/15,6.24
06/13/15,6.18
06/14/15,5.85
06/15/15,5.81
06/16/15,6.51
06/17/15,6.34
06/18/15,6.12
06/19/15,5.74
06/20/15,5.53
06/21/15,5.62
06/22/15,5.53
06/23/15,5.53
06/24/15,5.63
06/25/15,5.55
06/26/15,5.87
06/27/15,5.73
06/28/15,5.86
06/29/15,6.09
06/30/15,6.05
07/01/15,5.85
07/02/15,5.8
07/03/15,5.79
07/04/15,6.06
07/05/15,6.37
07/06/15,5.78
07/07/15,6.23
07/08/15,5.74
07/09/15,5.75
07/10/15,5.9
07/11/15,5.85
07/12/15,5.99
07/13/15,6.16
07/14/15,6
07/15/15,5.88
07/16/15,5.54
07/17/15,5.59
07/18/15,5.66
07/19/15,5.73
07/20/15,5.78
07/21/15,7.78
07/22/15,9.28
07/23/15,9.12
07/24/15,8.76
07/25/15,8.18
07/26/15,8.25
07/27/15,8.3
07/28/15,7.46
07/29/15,6.76
07/30/15,7.12
07/31/15,7.12
08/01/15,6.71
08/02/15,6.64
08/03/15,7.44
08/04/15,7.63
08/05/15,7.03
08/06/15,6.96
08/07/15,6.22
08/08/15,6.48
08/09/15,6.02
08/10/15,6.2
08/11/15,6.36
08/12/15,6.15
08/13/15,5.8
08/14/15,6.97
08/15/15,6.64
08/16/15,5.77
08/17/15,5.51
08/18/15,5.71
08/19/15,5.65
08/20/15,6.13
08/21/15,6.55
08/22/15,5.76
08/23/15,5.83
08/24/15,5.96
08/25/15,5.78
08/26/15,6.59
08/27/15,6.68
08/28/15,7.01
08/29/15,10.51
08/30/15,21.56
08/31/15,15.97
09/01/15,13.28
09/02/15,13.47
09/03/15,10.95
09/04/15,10.75
09/05/15,7.89
09/06/15,8.46
09/07/15,8.56
09/08/15,8.47
09/09/15,10.32
09/10/15,8.69
09/11/15,8.38
09/12/15,8.67
09/13/15,9.5
09/14/15,9.62
09/15/15,8.61
09/16/15,9.36
09/17/15,10.05
09/18/15,9.61
09/19/15,9.28
09/20/15,8.79
09/21/15,7.92
09/22/15,5.87
09/23/15,5.77
09/24/15,6.07
09/25/15,6.96
09/26/15,7.05
09/27/15,6.45
09/28/15,6.21
09/29/15,6.33
09/30/15,5.83
10/01/15,5.97
10/02/15,5.76
10/03/15,5.87
10/04/15,5.99
10/05/15,6.02
10/06/15,5.87
10/07/15,6.72
10/08/15,7.16
10/09/15,6.31
10/10/15,6.65
10/11/15,7.8
10/12/15,6.93
10/13/15,7.18
10/14/15,6.42
10/15/15,6.32
10/16/15,5.98
10/17/15,6.04
10/18/15,5.95
10/19/15,6.43
10/20/15,6.65
10/21/15,6.05
10/22/15,6.18
10/23/15,5.97
10/24/15,5.9
10/25/15,5.65
10/26/15,9.57
10/27/15,8.5
10/28/15,6.71
10/29/15,11.54
10/30/15,18.27
10/31/15,34.98
11/01/15,35.33
11/02/15,37.23
11/03/15,32.06
11/04/15,20.89
11/05/15,12
11/06/15,8.29
11/07/15,8.15
11/08/15,9.7
11/09/15,9.85
11/10/15,7.19
11/11/15,10.06
11/12/15,8.53
11/13/15,19.9
11/14/15,51.32
11/15/15,32.5
11/16/15,30.67
11/17/15,30.54
11/18/15,27.42
11/19/15,28.87
11/20/15,32.59
11/21/15,25.5
11/22/15,17.78
11/23/15,12.41
11/24/15,14.32
11/25/15,14.92
11/26/15,10.25
11/27/15,6.38
11/28/15,5.7
11/29/15,5.53
11/30/15,5.43
12/01/15,5.97
12/02/15,16.16
12/03/15,17.52
12/04/15,22
12/05/15,18.18
12/06/15,15.48
12/07/15,20.58
12/08/15,25.91
12/09/15,35.19
12/10/15,29.84
12/11/15,28.36
12/12/15,27.74
12/13/15,27.21
12/14/15,26.64
12/15/15,28.38
12/16/15,21.51
12/17/15,19.15
12/18/15,19.7
12/19/15,20.11
12/20/15,21.87
12/21/15,22.32
12/22/15,22.25
12/23/15,21.73
12/24/15,24.58
12/25/15,25.91
12/26/15,24.36
12/27/15,28.34
12/28/15,28.92
12/29/15,25.13
12/30/15,20.84
12/31/15,16.33
01/01/16,13.02
01/02/16,10.31
01/03/16,7.94
01/04/16,12.21
01/05/16,16.91
01/06/16,16.13
01/07/16,13.49
01/08/16,11.86
01/09/16,10.38
01/10/16,8.95
01/11/16,8.69
01/12/16,11.87
01/13/16,21.13
01/14/16,20.34
01/15/16,16.18
01/16/16,20.75
01/17/16,25.31
01/18/16,24.12
01/19/16,21.06
01/20/16,24.37
01/21/16,26.19
01/22/16,23.81
01/23/16,23.5
01/24/16,24.08
01/25/16,24.94
01/26/16,21.54
01/27/16,20.74
01/28/16,26.23
01/29/16,27.52
01/30/16,25.72
01/31/16,24.97
02/01/16,23.91
02/02/16,19.73
02/03/16,18.02
02/04/16,22.42
02/05/16,23.17
02/06/16,22.23
02/07/16,18.82
02/08/16,15.75
02/09/16,14.54
02/10/16,13.4
02/11/16,13.83
02/12/16,23.1
02/13/16,24.64
02/14/16,23.24
02/15/16,24
02/16/16,24.49
02/17/16,24.43
02/18/16,27.58
02/19/16,25.37
02/20/16,25.77
02/21/16,21.8
02/22/16,21.64
02/23/16,20.03
02/24/16,17.76
02/25/16,17.09
02/26/16,16.2
02/27/16,21.82
02/28/16,23.73
02/29/16,24.83
03/01/16,24.4
03/02/16,26.97
03/03/16,26.58
03/04/16,28.92
03/05/16,27.64
03/06/16,25.66
03/07/16,27.14
03/08/16,27.68
03/09/16,24.5
03/10/16,24.5
03/11/16,25.82
03/12/16,24.72
03/13/16,24.23
03/14/16,23.81
03/15/16,23.98
03/16/16,26.79
03/17/16,27.29
03/18/16,22.54
03/19/16,20.82
03/20/16,20.64
03/21/16,23.44
03/22/16,24.33
03/23/16,21.71
03/24/16,24.19
03/25/16,22.47
03/26/16,19.85
03/27/16,21.06
03/28/16,18.69
03/29/16,17.1
03/30/16,16.69
03/31/16,16.64
04/01/16,16.15
04/02/16,15.31
04/03/16,14.44
04/04/16,17.87
04/05/16,16.08
04/06/16,15.81
04/07/16,15.3
04/08/16,14.9
04/09/16,13.71
04/10/16,13.06
04/11/16,12.68
04/12/16,14.4
04/13/16,19.58
04/14/16,21.5
04/15/16,18.59
04/16/16,16.39
04/17/16,14.76
04/18/16,13.85
04/19/16,13.49
04/20/16,12.4
04/21/16,11.96
04/22/16,14.16
04/23/16,14.49
04/24/16,18.4
04/25/16,14.78
04/26/16,14.65
04/27/16,15.88
04/28/16,15.19
04/29/16,14.89
04/30/16,14.45
05/01/16,14.16
05/02/16,13.76
05/03/16,13.4
05/04/16,13.2
05/05/16,13.5
05/06/16,13.44
05/07/16,12.58
05/08/16,11.82
05/09/16,11.19
05/10/16,10.9
05/11/16,10.53
05/12/16,10.23
05/13/16,10.1
05/14/16,10.59
05/15/16,11.96
05/16/16,12.49
05/17/16,11.43
05/18/16,11.55
05/19/16,11.55
05/20/16,11.54
05/21/16,11.78
05/22/16,12.84
05/23/16,12.27
05/24/16,11.39
05/25/16,10.87
05/26/16,11.39
05/27/16,10.71
05/28/16,10.02
05/29/16,11.01
05/30/16,10.07
05/31/16,9.62
06/01/16,10.02
06/02/16,11.31
06/03/16,10.16
06/04/16,9.86
06/05/16,9.02
06/06/16,8.27
06/07/16,7.98
06/08/16,7.98
06/09/16,8.11
06/10/16,9.75
06/11/16,10.16
06/12/16,9.36
06/13/16,9.28
06/14/16,11.89
06/15/16,16.16
06/16/16,12.72
06/17/16,10.17
06/18/16,10.24
06/19/16,9.26
06/20/16,8.75
06/21/16,8.61
06/22/16,8.43
06/23/16,10.02
06/24/16,12.74
06/25/16,9.36
06/26/16,8.68
06/27/16,8.79
06/28/16,8.58
06/29/16,9.42
06/30/16,8.8
07/01/16,8.49
07/02/16,8.46
07/03/16,7.61
07/04/16,7.85
07/05/16,8.39
07/06/16,9.02
07/07/16,9.05
07/08/16,10.83
07/09/16,10.93
07/10/16,9.37
07/11/16,8.46
07/12/16,8.4
07/13/16,7.93
07/14/16,7.78
07/15/16,7.98
07/16/16,7.87
07/17/16,7.77
07/18/16,8.57
07/19/16,8.88
07/20/16,8.81
07/21/16,8.82
07/22/16,9.43
07/23/16,9.02
07/24/16,8.76
07/25/16,8.56
07/26/16,9.11
07/27/16,9.31
07/28/16,8.86
07/29/16,8.57
07/30/16,8.85
07/31/16,8.52
08/01/16,9
08/02/16,9.26
08/03/16,9.09
08/04/16,8.74
08/05/16,9.13
08/06/16,8.93
08/07/16,10.39
08/08/16,10.82
08/09/16,10.64
08/10/16,10.13
08/11/16,10.29
08/12/16,9.79
08/13/16,9.85
08/14/16,10.21
08/15/16,10.19
08/16/16,10.79
08/17/16,11.34
08/18/16,11.08
08/19/16,10.17
08/20/16,10
08/21/16,9.93
08/22/16,9.58
08/23/16,8.96
08/24/16,8.29
08/25/16,8.27
08/26/16,8.52
08/27/16,8.14
08/28/16,7.84
08/29/16,7.96
08/30/16,7.95
08/31/16,7.91
09/01/16,8.95
09/02/16,9.18
09/03/16,8.59
09/04/16,7.96
09/05/16,7.87
09/06/16,10.78
09/07/16,10.71
09/08/16,9.02
09/09/16,8.38
09/10/16,8.23
09/11/16,8.13
09/12/16,7.22
09/13/16,6.55
09/14/16,6.5
09/15/16,6.25
09/16/16,6.32
09/17/16,7.04
09/18/16,8.58
09/19/16,11.13
09/20/16,10.28
09/21/16,8.25
09/22/16,7.06
09/23/16,6.35
09/24/16,6.36
09/25/16,6.21
09/26/16,5.9
09/27/16,5.8
09/28/16,5.82
09/29/16,5.6
09/30/16,5.73
