Date,elevation
01/01/08,68.85
01/02/08,68.84
01/03/08,68.84
01/04/08,68.82
01/05/08,68.9
01/06/08,68.92
01/07/08,68.91
01/08/08,68.92
01/09/08,68.92
01/10/08,68.98
01/11/08,69.07
01/12/08,69.12
01/13/08,69.1
01/14/08,69.08
01/15/08,69.06
01/16/08,69.02
01/17/08,68.98
01/18/08,68.94
01/19/08,68.9
01/20/08,68.89
01/21/08,68.85
01/22/08,68.84
01/23/08,68.81
01/24/08,68.8
01/25/08,68.77
01/26/08,68.76
01/27/08,68.77
01/28/08,68.76
01/29/08,68.8
01/30/08,68.87
01/31/08,68.96
02/01/08,69.07
02/02/08,69.13
02/03/08,69.13
02/04/08,69.11
02/05/08,69.1
02/06/08,69.08
02/07/08,69.19
02/08/08,69.3
02/09/08,69.39
02/10/08,69.39
02/11/08,69.36
02/12/08,69.3
02/13/08,69.26
02/14/08,69.2
02/15/08,69.16
02/16/08,69.12
02/17/08,
02/18/08,
02/19/08,
02/20/08,
02/21/08,
02/22/08,
02/23/08,
02/24/08,
02/25/08,
02/26/08,
02/27/08,
02/28/08,
02/29/08,
03/01/08,
03/02/08,
03/03/08,
03/04/08,
03/05/08,
03/06/08,
03/07/08,
03/08/08,
03/09/08,
03/10/08,
03/11/08,
03/12/08,
03/13/08,
03/14/08,
03/15/08,
03/16/08,
03/17/08,
03/18/08,
03/19/08,
03/20/08,
03/21/08,
03/22/08,
03/23/08,
03/24/08,
03/25/08,
03/26/08,
03/27/08,
03/28/08,
03/29/08,
03/30/08,
03/31/08,
04/01/08,
04/02/08,
04/03/08,
04/04/08,
04/05/08,
04/06/08,
04/07/08,
04/08/08,
04/09/08,
04/10/08,
04/11/08,
04/12/08,
04/13/08,
04/14/08,
04/15/08,
04/16/08,
04/17/08,
04/18/08,
04/19/08,
04/20/08,
04/21/08,
04/22/08,
04/23/08,
04/24/08,
04/25/08,
04/26/08,
04/27/08,
04/28/09,
04/29/08,
04/30/08,
05/01/08,
05/02/08,
05/03/08,
05/04/08,
05/05/08,
05/06/08,
05/07/08,
05/08/08,
05/09/08,
05/10/08,
05/11/08,
05/12/08,
05/13/08,
05/14/08,
05/15/08,
05/16/08,
05/17/08,
05/18/08,
05/19/08,
05/20/08,
05/21/08,
05/22/08,
05/23/08,
05/24/08,
05/25/08,
05/26/08,
05/27/08,
05/28/08,
05/29/08,
05/30/08,
05/31/08,
06/01/08,
06/02/08,
06/03/08,
06/04/08,
06/05/08,
06/06/08,
06/07/08,
06/08/08,
06/09/08,
06/10/08,
06/11/08,
06/12/08,
06/13/08,
06/14/08,
06/15/08,
06/16/08,
06/17/08,
06/18/08,
06/19/08,
06/20/08,
06/21/08,
06/22/08,
06/23/08,
06/24/08,68.3
06/25/08,68.29
06/26/08,68.27
06/27/08,68.25
06/28/08,68.23
06/29/08,68.22
06/30/08,68.19
07/01/08,68.16
07/02/08,68.14
07/03/08,68.14
07/04/08,68.11
07/05/08,68.1
07/06/08,68.09
07/07/08,68.07
07/08/08,68.05
07/09/08,68.03
07/10/08,67.99
07/11/08,67.97
07/12/08,67.94
07/13/08,67.92
07/14/08,67.9
07/15/08,67.87
07/16/08,67.85
07/17/08,67.83
07/18/08,67.8
07/19/08,67.78
07/20/08,67.76
07/21/08,67.75
07/22/08,67.73
07/23/08,67.71
07/24/08,67.69
07/25/08,67.68
07/26/08,67.66
07/27/08,67.66
07/28/08,67.64
07/29/08,67.62
07/30/08,67.63
07/31/08,67.61
08/01/08,67.62
08/02/08,67.61
08/03/08,67.6
08/04/08,67.59
08/05/08,67.58
08/06/08,67.56
08/07/08,67.55
08/08/08,67.54
08/09/08,67.53
08/10/08,67.52
08/11/08,67.51
08/12/08,67.5
08/13/08,67.49
08/14/08,67.49
08/15/08,67.47
08/16/08,67.46
08/17/08,67.44
08/18/08,67.44
08/19/08,67.44
08/20/08,67.47
08/21/08,67.52
08/22/08,67.51
08/23/08,67.5
08/24/08,67.49
08/25/08,67.52
08/26/08,67.51
08/27/08,67.52
08/28/08,67.51
08/29/08,67.5
08/30/08,67.49
08/31/08,67.48
09/01/08,67.47
09/02/08,67.46
09/03/08,67.45
09/04/08,67.44
09/05/08,67.43
09/06/08,67.42
09/07/08,67.41
09/08/08,67.4
09/09/08,67.39
09/10/08,67.37
09/11/08,67.36
09/12/08,67.35
09/13/08,67.34
09/14/08,67.33
09/15/08,67.32
09/16/08,67.3
09/17/08,67.3
09/18/08,67.29
09/19/08,67.28
09/20/08,67.29
09/21/08,67.29
09/22/08,67.27
09/23/08,67.27
09/24/08,67.26
09/25/08,67.27
09/26/08,67.26
09/27/08,67.25
09/28/08,67.25
09/29/08,67.25
09/30/08,67.25
10/01/08,67.25
10/02/08,67.26
10/03/08,67.28
10/04/08,67.38
10/05/08,67.37
10/06/08,67.4
10/07/08,67.45
10/08/08,67.46
10/09/08,67.46
10/10/08,67.51
10/11/08,67.52
10/12/08,67.52
10/13/08,67.53
10/14/08,67.53
10/15/08,67.53
10/16/08,67.52
10/17/08,67.54
10/18/08,67.54
10/19/08,67.54
10/20/08,67.56
10/21/08,67.58
10/22/08,67.58
10/23/08,67.59
10/24/08,67.59
10/25/08,67.59
10/26/08,67.59
10/27/08,67.59
10/28/08,67.59
10/29/08,67.59
10/30/08,67.59
10/31/08,67.63
11/01/08,67.63
11/02/08,67.67
11/03/08,67.77
11/04/08,67.86
11/05/08,67.89
11/06/08,67.95
11/07/08,68.16
11/08/08,68.18
11/09/08,68.22
11/10/08,68.21
11/11/08,68.21
11/12/08,68.38
11/13/08,68.46
11/14/08,68.48
11/15/08,68.47
11/16/08,68.44
11/17/08,68.39
11/18/08,68.36
11/19/08,68.33
11/20/08,68.32
11/21/08,68.3
11/22/08,68.29
11/23/08,68.28
11/24/08,68.26
11/25/08,68.24
11/26/08,68.23
11/27/08,68.2
11/28/08,68.19
11/29/08,68.19
11/30/08,68.17
12/01/08,68.16
12/02/08,68.17
12/03/08,68.16
12/04/08,68.15
12/05/08,68.14
12/06/08,68.13
12/07/08,68.13
12/08/08,68.15
12/09/08,68.15
12/10/08,68.16
12/11/08,68.15
12/12/08,68.15
12/13/08,68.2
12/14/08,68.2
12/15/08,68.19
12/16/08,68.19
12/17/08,68.21
12/18/08,68.21
12/19/08,68.22
12/20/08,68.21
12/21/08,68.26
12/22/08,68.27
12/23/08,68.27
12/24/08,68.3
12/25/08,68.32
12/26/08,68.34
12/27/08,68.39
12/28/08,68.5
12/29/08,68.59
12/30/08,68.63
12/31/08,68.66
01/01/09,68.698
01/02/09,68.737
01/03/09,68.737
01/04/09,68.72
01/05/09,68.756
01/06/09,68.781
01/07/09,69.091
01/08/09,69.529
01/09/09,69.576
01/10/09,69.606
01/11/09,69.564
01/12/09,69.478
01/13/09,69.356
01/14/09,69.239
01/15/09,69.132
01/16/09,69.045
01/17/09,68.971
01/18/09,68.91
01/19/09,68.862
01/20/09,68.817
01/21/09,68.777
01/22/09,68.746
01/23/09,68.72
01/24/09,68.694
01/25/09,68.691
01/26/09,68.672
01/27/09,68.681
01/28/09,68.649
01/29/09,68.637
01/30/09,68.621
01/31/09,68.609
02/01/09,68.597
02/02/09,68.591
02/03/09,68.583
02/04/09,68.57
02/05/09,68.566
02/06/09,68.555
02/07/09,68.559
02/08/09,68.545
02/09/09,68.548
02/10/09,68.557
02/11/09,68.56
02/12/09,68.556
02/13/09,68.549
02/14/09,68.548
02/15/09,68.544
02/16/09,68.549
02/17/09,68.539
02/18/09,68.532
02/19/09,68.527
02/20/09,68.518
02/21/09,68.518
02/22/09,68.51
02/23/09,68.51
02/24/09,68.568
02/25/09,68.638
02/26/09,68.689
02/27/09,68.693
02/28/09,68.68
03/01/09,68.671
03/02/09,68.69
03/03/09,68.711
03/04/09,68.706
03/05/09,68.723
03/06/09,68.697
03/07/09,68.65
03/08/09,68.705
03/09/09,68.719
03/10/09,68.697
03/11/09,68.704
03/12/09,68.673
03/13/09,68.653
03/14/09,68.668
03/15/09,68.774
03/16/09,68.842
03/17/09,68.956
03/18/09,69.003
03/19/09,68.978
03/20/09,69.002
03/21/09,68.959
03/22/09,68.948
03/23/09,68.93
03/24/09,68.914
03/25/09,68.892
03/26/09,68.88
03/27/09,68.859
03/28/09,68.864
03/29/09,68.915
03/30/09,68.906
03/31/09,68.87
04/01/09,68.905
04/02/09,68.933
04/03/09,68.924
04/04/09,68.906
04/05/09,68.887
04/06/09,68.862
04/07/09,68.842
04/08/09,68.819
04/09/09,68.803
04/10/09,68.799
04/11/09,68.806
04/12/09,68.782
04/13/09,68.885
04/14/09,68.922
04/15/09,68.915
04/16/09,68.9
04/17/09,68.903
04/18/09,68.885
04/19/09,68.868
04/20/09,68.84
04/21/09,68.815
04/22/09,68.787
04/23/09,68.76
04/24/09,68.732
04/25/09,68.712
04/26/09,68.693
04/27/09,68.672
04/28/09,68.706
04/29/09,68.732
04/30/09,68.734
05/01/09,68.718
05/02/09,68.707
05/03/09,68.734
05/04/09,68.72
05/05/09,68.788
05/06/09,68.859
05/07/09,68.977
05/08/09,69.005
05/09/09,69.002
05/10/09,68.98
05/11/09,68.977
05/12/09,68.953
05/13/09,68.945
05/14/09,69.005
05/15/09,69.025
05/16/09,69.009
05/17/09,68.985
05/18/09,68.96
05/19/09,68.95
05/20/09,68.942
05/21/09,68.922
05/22/09,68.894
05/23/09,68.868
05/24/09,68.84
05/25/09,68.81
05/26/09,68.775
05/27/09,68.756
05/28/09,68.732
05/29/09,68.7
05/30/09,68.675
05/31/09,68.64
06/01/09,68.612
06/02/09,68.582
06/03/09,68.556
06/04/09,68.526
06/05/09,68.492
06/06/09,68.46
06/07/09,68.451
06/08/09,68.425
06/09/09,68.409
06/10/09,68.38
06/11/09,68.352
06/12/09,68.329
06/13/09,68.305
06/14/09,68.274
06/15/09,68.256
06/16/09,68.233
06/17/09,68.21
06/18/09,68.19
06/19/09,68.188
06/20/09,68.187
06/21/09,68.154
06/22/09,68.142
06/23/09,68.12
06/24/09,68.107
06/25/09,68.089
06/26/09,68.07
06/27/09,68.054
06/28/09,68.038
06/29/09,68.016
06/30/09,67.996
07/01/09,68
07/02/09,68
07/03/09,68
07/04/09,68
07/05/09,67.9
07/06/09,67.9
07/07/09,67.9
07/08/09,67.9
07/09/09,67.9
07/10/09,67.9
07/11/09,67.9
07/12/09,67.9
07/13/09,67.9
07/14/09,67.9
07/15/09,67.9
07/16/09,67.9
07/17/09,67.9
07/18/09,67.9
07/19/09,67.8
07/20/09,67.8
07/21/09,67.8
07/22/09,67.8
07/23/09,67.8
07/24/09,67.8
07/25/09,67.8
07/26/09,67.8
07/27/09,67.8
07/28/09,67.8
07/29/09,67.8
07/30/09,67.8
07/31/09,67.7
08/01/09,67.7
08/02/09,67.7
08/03/09,67.7
08/04/09,67.7
08/05/09,67.7
08/06/09,67.7
08/07/09,67.7
08/08/09,67.7
08/09/09,67.7
08/10/09,67.7
08/11/09,67.7
08/12/09,67.7
08/13/09,67.7
08/14/09,67.7
08/15/09,67.7
08/16/09,67.7
08/17/09,67.7
08/18/09,67.7
08/19/09,67.7
08/20/09,67.7
08/21/09,67.7
08/22/09,67.7
08/23/09,67.7
08/24/09,67.7
08/25/09,67.6
08/26/09,67.6
08/27/09,67.6
08/28/09,67.6
08/29/09,67.7
08/30/09,67.7
08/31/09,67.6
09/01/09,67.6
09/02/09,67.6
09/03/09,67.6
09/04/09,67.6
09/05/09,67.6
09/06/09,67.7
09/07/09,67.7
09/08/09,67.7
09/09/09,67.7
09/10/09,67.7
09/11/09,67.7
09/12/09,67.7
09/13/09,67.7
09/14/09,67.7
09/15/09,67.7
09/16/09,67.7
09/17/09,67.7
09/18/09,67.7
09/19/09,67.7
09/20/09,67.7
09/21/09,67.7
09/22/09,67.7
09/23/09,67.7
09/24/09,67.7
09/25/09,67.7
09/26/09,67.7
09/27/09,67.7
09/28/09,67.7
09/29/09,67.7
09/30/09,67.7
10/01/09,67.7
10/02/09,67.7
10/03/09,67.7
10/04/09,67.7
10/05/09,67.7
10/06/09,67.7
10/07/09,67.7
10/08/09,67.7
10/09/09,67.7
10/10/09,67.7
10/11/09,67.7
10/12/09,67.7
10/13/09,67.7
10/14/09,67.7
10/15/09,67.7
10/16/09,67.7
10/17/09,67.7
10/18/09,67.7
10/19/09,67.8
10/20/09,67.7
10/21/09,67.8
10/22/09,67.8
10/23/09,67.8
10/24/09,67.8
10/25/09,67.8
10/26/09,67.8
10/27/09,67.8
10/28/09,67.8
10/29/09,67.9
10/30/09,67.9
10/31/09,67.9
11/01/09,67.9
11/02/09,67.9
11/03/09,67.9
11/04/09,67.9
11/05/09,67.9
11/06/09,67.9
11/07/09,68
11/08/09,68
11/09/09,68
11/10/09,68
11/11/09,68
11/12/09,68.1
11/13/09,68.1
11/14/09,68.1
11/15/09,68.1
11/16/09,68
11/17/09,68.1
11/18/09,68.1
11/19/09,68.2
11/20/09,68.2
11/21/09,68.2
11/22/09,68.2
11/23/09,68.2
11/24/09,68.2
11/25/09,68.2
11/26/09,68.2
11/27/09,68.2
11/28/09,68.2
11/29/09,68.2
11/30/09,68.2
12/01/09,68.2
12/02/09,68.2
12/03/09,68.1
12/04/09,68.1
12/05/09,68.1
12/06/09,68.1
12/07/09,68.1
12/08/09,68.1
12/09/09,68.1
12/10/09,68.1
12/11/09,68.1
12/12/09,68
12/13/09,68
12/14/09,68
12/15/09,68.1
12/16/09,68.1
12/17/09,68.1
12/18/09,68.1
12/19/09,68.1
12/20/09,68.1
12/21/09,68.2
12/22/09,68.2
12/23/09,68.2
12/24/09,68.2
12/25/09,68.2
12/26/09,68.2
12/27/09,68.1
12/28/09,68.1
12/29/09,68.1
12/30/09,68.1
12/31/09,68.1
01/01/10,68.2
01/02/10,68.2
01/03/10,68.2
01/04/10,68.3
01/05/10,68.3
01/06/10,68.3
01/07/10,68.6
01/08/10,68.7
01/09/10,68.7
01/10/10,68.7
01/11/10,68.8
01/12/10,68.8
01/13/10,68.8
01/14/10,68.9
01/15/10,68.9
01/16/10,68.9
01/17/10,68.9
01/18/10,68.9
01/19/10,68.9
01/20/10,68.8
01/21/10,68.8
01/22/10,68.8
01/23/10,68.7
01/24/10,68.7
01/25/10,68.7
01/26/10,68.7
01/27/10,68.7
01/28/10,68.6
01/29/10,68.6
01/30/10,68.6
01/31/10,68.6
02/01/10,68.6
02/02/10,68.6
02/03/10,68.6
02/04/10,68.6
02/05/10,68.6
02/06/10,68.6
02/07/10,68.6
02/08/10,68.6
02/09/10,68.6
02/10/10,68.6
02/11/10,68.6
02/12/10,68.6
02/13/10,68.7
02/14/10,68.8
02/15/10,68.8
02/16/10,68.8
02/17/10,68.8
02/18/10,68.8
02/19/10,68.7
02/20/10,68.7
02/21/10,68.7
02/22/10,68.7
02/23/10,68.7
02/24/10,68.7
02/25/10,68.7
02/26/10,68.7
02/27/10,68.7
02/28/10,68.7
03/01/10,68.7
03/02/10,68.7
03/03/10,68.7
03/04/10,68.7
03/05/10,68.7
03/06/10,68.7
03/07/10,68.7
03/08/10,68.7
03/09/10,68.6
03/10/10,68.6
03/11/10,68.7
03/12/10,68.8
03/13/10,68.8
03/14/10,68.8
03/15/10,68.8
03/16/10,68.8
03/17/10,68.8
03/18/10,68.8
03/19/10,68.8
03/20/10,68.7
03/21/10,68.7
03/22/10,68.7
03/23/10,68.7
03/24/10,68.7
03/25/10,68.7
03/26/10,68.7
03/27/10,68.8
03/28/10,68.8
03/29/10,68.9
03/30/10,69
03/31/10,69
04/01/10,69
04/02/10,69.1
04/03/10,69.2
04/04/10,69.2
04/05/10,69.2
04/06/10,69.2
04/07/10,69.1
04/08/10,69.1
04/09/10,69.1
04/10/10,69.1
04/11/10,69
04/12/10,69
04/13/10,69
04/14/10,69
04/15/10,68.9
04/16/10,68.9
04/17/10,68.9
04/18/10,68.9
04/19/10,68.9
04/20/10,68.9
04/21/10,68.9
04/22/10,68.9
04/23/10,68.9
04/24/10,68.9
04/25/10,68.8
04/26/10,68.8
04/27/10,68.8
04/28/10,68.9
04/29/10,68.9
04/30/10,68.9
05/01/10,68.8
05/02/10,68.8
05/03/10,68.8
05/04/10,68.9
05/05/10,68.8
05/06/10,68.8
05/07/10,68.8
05/08/10,68.8
05/09/10,68.8
05/10/10,68.8
05/11/10,68.8
05/12/10,68.8
05/13/10,68.7
05/14/10,68.7
05/15/10,68.7
05/16/10,68.7
05/17/10,68.6
05/18/10,68.6
05/19/10,68.6
05/20/10,68.7
05/21/10,68.7
05/22/10,68.7
05/23/10,68.7
05/24/10,68.7
05/25/10,68.7
05/26/10,68.7
05/27/10,68.8
05/28/10,68.8
05/29/10,68.9
05/30/10,68.9
05/31/10,68.9
06/01/10,
06/02/10,
06/03/10,
06/04/10,
06/05/10,
06/06/10,
06/07/10,
06/08/10,
06/09/10,
06/10/10,
06/11/10,
06/12/10,
06/13/10,
06/14/10,
06/15/10,
06/16/10,
06/17/10,
06/18/10,
06/19/10,
06/20/10,
06/21/10,
06/22/10,
06/23/10,
06/24/10,
06/25/10,
06/26/10,
06/27/10,
06/28/10,
06/29/10,
06/30/10,
07/01/10,
07/02/10,
07/03/10,
07/04/10,
07/05/10,
07/06/10,
07/07/10,
07/08/10,
07/09/10,
07/10/10,
07/11/10,
07/12/10,
07/13/10,
07/14/10,
07/15/10,
07/16/10,
07/17/10,
07/18/10,
07/19/10,
07/20/10,
07/21/10,
07/22/10,
07/23/10,
07/24/10,
07/25/10,
07/26/10,
07/27/10,
07/28/10,
07/29/10,
07/30/10,
07/31/10,
08/01/10,
08/02/10,
08/03/10,
08/04/10,
08/05/10,
08/06/10,
08/07/10,
08/08/10,
08/09/10,
08/10/10,
08/11/10,
08/12/10,
08/13/10,
08/14/10,
08/15/10,
08/16/10,
08/17/10,
08/18/10,
08/19/10,
08/20/10,
08/21/10,
08/22/10,
08/23/10,
08/24/10,
08/25/10,
08/26/10,
08/27/10,
08/28/10,
08/29/10,
08/30/10,
08/31/10,
09/01/10,
09/02/10,
09/03/10,
09/04/10,
09/05/10,
09/06/10,
09/07/10,
09/08/10,
09/09/10,
09/10/10,
09/11/10,
09/12/10,
09/13/10,
09/14/10,
09/15/10,
09/16/10,
09/17/10,
09/18/10,
09/19/10,
09/20/10,
09/21/10,
09/22/10,
09/23/10,
09/24/10,
09/25/10,
09/26/10,
09/27/10,
09/28/10,
09/29/10,
09/30/10,
10/01/10,
10/02/10,
10/03/10,
10/04/10,
10/05/10,
10/06/10,
10/07/10,
10/08/10,
10/09/10,
10/10/10,
10/11/10,
10/12/10,
10/13/10,
10/14/10,
10/15/10,
10/16/10,
10/17/10,
10/18/10,
10/19/10,
10/20/10,
10/21/10,
10/22/10,
10/23/10,
10/24/10,
10/25/10,
10/26/10,
10/27/10,
10/28/10,
10/29/10,
10/30/10,
10/31/10,
11/01/10,
11/02/10,
11/03/10,
11/04/10,
11/05/10,
11/06/10,
11/07/10,
11/08/10,
11/09/10,
11/10/10,
11/11/10,
11/12/10,
11/13/10,
11/14/10,
11/15/10,
11/16/10,
11/17/10,
11/18/10,
11/19/10,
11/20/10,
11/21/10,
11/22/10,
11/23/10,
11/24/10,
11/25/10,
11/26/10,
11/27/10,
11/28/10,
11/29/10,
11/30/10,
12/01/10,
12/02/10,
12/03/10,
12/04/10,
12/05/10,
12/06/10,
12/07/10,
12/08/10,
12/09/10,
12/10/10,
12/11/10,
12/12/10,
12/13/10,
12/14/10,
12/15/10,
12/16/10,
12/17/10,
12/18/10,
12/19/10,
12/20/10,
12/21/10,
12/22/10,
12/23/10,
12/24/10,
12/25/10,
12/26/10,
12/27/10,
12/28/10,
12/29/10,
12/30/10,
12/31/10,
01/01/11,69.17
01/02/11,69.12
01/03/11,69.12
01/04/11,69.07
01/05/11,69.06
01/06/11,69.08
01/07/11,69.09
01/08/11,69.12
01/09/11,69.14
01/10/11,69.13
01/11/11,
01/12/11,
01/13/11,
01/14/11,
01/15/11,
01/16/11,
01/17/11,
01/18/11,
01/19/11,
01/20/11,
01/21/11,
01/22/11,
01/23/11,
01/24/11,
01/25/11,
01/26/11,
01/27/11,
01/28/11,
01/29/11,
01/30/11,
01/31/11,
02/01/11,
02/02/11,
02/03/11,
02/04/11,
02/05/11,
02/06/11,
02/07/11,
02/08/11,
02/09/11,
02/10/11,
02/11/11,
02/12/11,
02/13/11,
02/14/11,
02/15/11,
02/16/11,
02/17/11,
02/18/11,
02/19/11,
02/20/11,
02/21/11,
02/22/11,
02/23/11,
02/24/11,
02/25/11,
02/26/11,
02/27/11,
02/28/11,
03/01/11,
03/02/11,
03/03/11,
03/04/11,
03/05/11,
03/06/11,
03/07/11,
03/08/11,
03/09/11,
03/10/11,
03/11/11,
03/12/11,
03/13/11,
03/14/11,
03/15/11,
03/16/11,
03/17/11,
03/18/11,
03/19/11,
03/20/11,
03/21/11,
03/22/11,
03/23/11,69.72
03/24/11,69.69
03/25/11,69.68
03/26/11,69.66
03/27/11,69.65
03/28/11,69.63
03/29/11,69.66
03/30/11,69.71
03/31/11,69.84
04/01/11,69.89
04/02/11,69.93
04/03/11,69.93
04/04/11,69.9
04/05/11,69.88
04/06/11,69.95
04/07/11,69.94
04/08/11,69.93
04/09/11,69.88
04/10/11,69.87
04/11/11,69.84
04/12/11,69.82
04/13/11,69.8
04/14/11,69.78
04/15/11,69.83
04/16/11,69.86
04/17/11,69.84
04/18/11,69.82
04/19/11,69.79
04/20/11,69.76
04/21/11,69.74
04/22/11,69.71
04/23/11,69.69
04/24/11,69.66
04/25/11,69.69
04/26/11,69.7
04/27/11,69.74
04/28/11,69.82
04/29/11,69.86
04/30/11,69.85
05/01/11,69.83
05/02/11,69.8
05/03/11,69.78
05/04/11,69.76
05/05/11,69.73
05/06/11,69.73
05/07/11,69.75
05/08/11,69.76
05/09/11,69.75
05/10/11,69.73
05/11/11,69.72
05/12/11,69.79
05/13/11,69.79
05/14/11,69.78
05/15/11,69.96
05/16/11,70.05
05/17/11,70.06
05/18/11,70.02
05/19/11,69.97
05/20/11,69.93
05/21/11,69.89
05/22/11,69.86
05/23/11,69.83
05/24/11,69.8
05/25/11,69.78
05/26/11,69.79
05/27/11,69.77
05/28/11,69.79
05/29/11,69.78
05/30/11,69.76
05/31/11,69.75
06/01/11,69.73
06/02/11,69.73
06/03/11,69.74
06/04/11,69.72
06/05/11,69.7
06/06/11,69.68
06/07/11,69.66
06/08/11,69.63
06/09/11,69.61
06/10/11,69.6
06/11/11,69.58
06/12/11,69.56
06/13/11,69.53
06/14/11,69.52
06/15/11,69.5
06/16/11,69.49
06/17/11,69.47
06/18/11,69.48
06/19/11,69.47
06/20/11,69.45
06/21/11,69.44
06/22/11,69.42
06/23/11,69.39
06/24/11,69.38
06/25/11,69.37
06/26/11,69.35
06/27/11,69.33
06/28/11,69.32
06/29/11,69.31
06/30/11,69.3
07/01/11,69.28
07/02/11,69.27
07/03/11,69.25
07/04/11,69.24
07/05/11,69.21
07/06/11,69.18
07/07/11,69.15
07/08/11,69.14
07/09/11,69.11
07/10/11,69.09
07/11/11,69.07
07/12/11,69.06
07/13/11,69.07
07/14/11,69.07
07/15/11,69.06
07/16/11,69.12
07/17/11,69.15
07/18/11,69.15
07/19/11,69.14
07/20/11,69.13
07/21/11,69.13
07/22/11,69.11
07/23/11,69.1
07/24/11,69.09
07/25/11,69.05
07/26/11,69.04
07/27/11,69.02
07/28/11,69.01
07/29/11,68.99
07/30/11,68.98
07/31/11,68.95
08/01/11,68.94
08/02/11,68.92
08/03/11,68.9
08/04/11,68.88
08/05/11,68.86
08/06/11,68.85
08/07/11,68.83
08/08/11,68.82
08/09/11,68.81
08/10/11,68.79
08/11/11,68.78
08/12/11,68.76
08/13/11,68.76
08/14/11,68.74
08/15/11,68.73
08/16/11,68.71
08/17/11,68.7
08/18/11,68.68
08/19/11,68.67
08/20/11,68.66
08/21/11,68.64
08/22/11,68.61
08/23/11,68.63
08/24/11,68.63
08/25/11,68.62
08/26/11,68.6
08/27/11,68.58
08/28/11,68.57
08/29/11,68.56
08/30/11,68.54
08/31/11,68.53
09/01/11,68.52
09/02/11,68.5
09/03/11,68.49
09/04/11,68.47
09/05/11,68.47
09/06/11,68.45
09/07/11,68.44
09/08/11,68.43
09/09/11,68.42
09/10/11,68.42
09/11/11,68.4
09/12/11,68.39
09/13/11,68.39
09/14/11,68.38
09/15/11,68.37
09/16/11,68.36
09/17/11,68.36
09/18/11,68.38
09/19/11,68.39
09/20/11,68.39
09/21/11,68.38
09/22/11,68.37
09/23/11,68.38
09/24/11,68.38
09/25/11,68.4
09/26/11,68.42
09/27/11,68.43
09/28/11,68.41
09/29/11,68.42
09/30/11,68.41
10/01/11,68.42
10/02/11,68.41
10/03/11,68.43
10/04/11,68.4
10/05/11,68.45
10/06/11,68.46
10/07/11,68.46
10/08/11,68.46
10/09/11,68.48
10/10/11,68.49
10/11/11,68.57
10/12/11,68.62
10/13/11,68.63
10/14/11,68.64
10/15/11,68.64
10/16/11,68.64
10/17/11,68.64
10/18/11,68.65
10/19/11,68.65
10/20/11,68.65
10/21/11,68.65
10/22/11,68.68
10/23/11,68.73
10/24/11,68.75
10/25/11,68.75
10/26/11,68.75
10/27/11,68.75
10/28/11,68.76
10/29/11,68.78
10/30/11,68.8
10/31/11,68.82
11/01/11,68.82
11/02/11,68.81
11/03/11,68.88
11/04/11,68.89
11/05/11,68.9
11/06/11,68.9
11/07/11,68.9
11/08/11,68.9
11/09/11,68.89
11/10/11,68.9
11/11/11,68.89
11/12/11,68.94
11/13/11,68.99
11/14/11,69.02
11/15/11,69.03
11/16/11,69.05
11/17/11,69.08
11/18/11,69.16
11/19/11,69.21
11/20/11,69.21
11/21/11,69.21
11/22/11,69.34
11/23/11,69.63
11/24/11,69.7
11/25/11,69.8
11/26/11,69.78
11/27/11,69.77
11/28/11,69.74
11/29/11,69.7
11/30/11,69.66
12/01/11,69.6
12/02/11,69.56
12/03/11,69.52
12/04/11,69.48
12/05/11,69.45
12/06/11,69.42
12/07/11,69.4
12/08/11,69.38
12/09/11,69.36
12/10/11,69.34
12/11/11,69.32
12/12/11,69.31
12/13/11,69.3
12/14/11,69.28
12/15/11,69.29
12/16/11,69.28
12/17/11,69.27
12/18/11,69.27
12/19/11,69.27
12/20/11,69.26
12/21/11,69.26
12/22/11,69.25
12/23/11,69.24
12/24/11,69.24
12/25/11,69.23
12/26/11,69.26
12/27/11,69.28
12/28/11,69.41
12/29/11,69.56
12/30/11,69.73
12/31/11,69.79
01/01/12,69.78
01/02/12,69.739
01/03/12,69.714
01/04/12,69.696
01/05/12,69.736
01/06/12,69.754
01/07/12,69.747
01/08/12,69.716
01/09/12,69.686
01/10/12,69.679
01/11/12,69.659
01/12/12,69.632
01/13/12,69.606
01/14/12,69.614
01/15/12,69.622
01/16/12,69.626
01/17/12,69.664
01/18/12,69.769
01/19/12,69.845
01/20/12,69.888
01/21/12,69.964
01/22/12,70.039
01/23/12,70.098
01/24/12,70.105
01/25/12,70.158
01/26/12,70.203
01/27/12,70.171
01/28/12,70.127
01/29/12,70.092
01/30/12,70.128
01/31/12,70.112
02/01/12,70.113
02/02/12,70.079
02/03/12,70.036
02/04/12,69.996
02/05/12,69.953
02/06/12,69.91
02/07/12,69.884
02/08/12,69.817
02/09/12,69.82
02/10/12,69.86
02/11/12,69.849
02/12/12,69.747
02/13/12,69.861
02/14/12,69.858
02/15/12,69.851
02/16/12,69.857
02/17/12,69.719
02/18/12,69.918
02/19/12,69.863
02/20/12,69.986
02/21/12,70.001
02/22/12,70.136
02/23/12,70.084
02/24/12,70.07
02/25/12,70.081
02/26/12,70.069
02/27/12,70.05
02/28/12,70.029
02/29/12,69.998
03/01/12,70.033
03/02/12,70.034
03/03/12,70.004
03/04/12,69.995
03/05/12,70.002
03/06/12,70.009
03/07/12,69.992
03/08/12,69.962
03/09/12,69.942
03/10/12,69.935
03/11/12,69.968
03/12/12,70
03/13/12,70.124
03/14/12,70.181
03/15/12,70.264
03/16/12,70.324
03/17/12,70.393
03/18/12,70.4
03/19/12,70.398
03/20/12,70.327
03/21/12,70.295
03/22/12,70.293
03/23/12,70.256
03/24/12,70.221
03/25/12,70.188
03/26/12,70.158
03/27/12,70.137
03/28/12,70.13
03/29/12,70.186
03/30/12,70.336
03/31/12,70.458
04/01/12,70.506
04/02/12,70.49
04/03/12,70.483
04/04/12,70.447
04/05/12,70.414
04/06/12,70.402
04/07/12,70.376
04/08/12,70.334
04/09/12,70.302
04/10/12,70.27
04/11/12,70.274
04/12/12,70.284
04/13/12,70.27
04/14/12,70.236
04/15/12,70.225
04/16/12,70.265
04/17/12,70.233
04/18/12,70.243
04/19/12,70.24
04/20/12,70.36
04/21/12,70.402
04/22/12,70.391
04/23/12,70.358
04/24/12,70.318
04/25/12,70.287
04/26/12,70.345
04/27/12,70.363
04/28/12,70.353
04/29/12,70.321
04/30/12,70.354
05/01/12,70.336
05/02/12,70.321
05/03/12,70.349
05/04/12,70.43
05/05/12,70.425
05/06/12,70.41
05/07/12,70.382
05/08/12,70.343
05/09/12,70.311
05/10/12,70.273
05/11/12,70.26
05/12/12,70.207
05/13/12,70.18
05/14/12,70.152
05/15/12,70.12
05/16/12,70.087
05/17/12,70.059
05/18/12,70.023
05/19/12,70.004
05/20/12,69.996
05/21/12,70.025
05/22/12,70.076
05/23/12,70.102
05/24/12,70.112
05/25/12,70.101
05/26/12,70.076
05/27/12,70.055
05/28/12,70.031
05/29/12,70.011
05/30/12,69.993
05/31/12,69.999
06/01/12,70.005
06/02/12,70.011
06/03/12,69.986
06/04/12,69.97
06/05/12,69.98
06/06/12,69.962
06/07/12,70.006
06/08/12,70.012
06/09/12,70.073
06/10/12,70.07
06/11/12,70.052
06/12/12,70.034
06/13/12,70.015
06/14/12,69.983
06/15/12,69.967
06/16/12,69.941
06/17/12,69.922
06/18/12,69.894
06/19/12,69.877
06/20/12,69.856
06/21/12,69.83
06/22/12,69.814
06/23/12,69.849
06/24/12,69.878
06/25/12,69.94
06/26/12,69.948
06/27/12,69.93
06/28/12,69.904
06/29/12,69.892
06/30/12,69.899
07/01/12,69.89
07/02/12,69.869
07/03/12,69.874
07/04/12,69.842
07/05/12,69.816
07/06/12,69.795
07/07/12,69.771
07/08/12,69.739
07/09/12,69.703
07/10/12,69.671
07/11/12,69.645
07/12/12,69.615
07/13/12,69.584
07/14/12,69.599
07/15/12,69.587
07/16/12,69.57
07/17/12,69.55
07/18/12,69.529
07/19/12,69.507
07/20/12,69.52
07/21/12,69.514
07/22/12,69.499
07/23/12,69.474
07/24/12,69.459
07/25/12,69.437
07/26/12,69.412
07/27/12,69.382
07/28/12,69.365
07/29/12,69.347
07/30/12,69.325
07/31/12,69.31
08/01/12,69.284
08/02/12,69.265
08/03/12,69.245
08/04/12,69.223
08/05/12,69.206
08/06/12,69.178
08/07/12,69.153
08/08/12,69.134
08/09/12,69.131
08/10/12,69.103
08/11/12,69.084
08/12/12,69.07
08/13/12,69.048
08/14/12,69.025
08/15/12,69.007
08/16/12,68.986
08/17/12,68.97
08/18/12,68.946
08/19/12,68.927
08/20/12,68.913
08/21/12,68.89
08/22/12,68.877
08/23/12,68.863
08/24/12,68.849
08/25/12,68.828
08/26/12,68.817
08/27/12,68.807
08/28/12,68.799
08/29/12,68.784
08/30/12,68.774
08/31/12,68.762
09/01/12,68.753
09/02/12,68.742
09/03/12,68.737
09/04/12,68.722
09/05/12,68.718
09/06/12,68.704
09/07/12,68.693
09/08/12,68.685
09/09/12,68.663
09/10/12,68.671
09/11/12,68.648
09/12/12,68.644
09/13/12,68.635
09/14/12,68.628
09/15/12,68.621
09/16/12,68.623
09/17/12,68.611
09/18/12,68.605
09/19/12,68.602
09/20/12,68.597
09/21/12,68.592
09/22/12,68.599
09/23/12,68.593
09/24/12,68.588
09/25/12,68.586
09/26/12,68.587
09/27/12,68.586
09/28/12,68.587
09/29/12,68.588
09/30/12,68.587
10/01/12,68.579
10/02/12,68.577
10/03/12,68.58
10/04/12,68.567
10/05/12,68.562
10/06/12,68.562
10/07/12,68.555
10/08/12,68.555
10/09/12,68.557
10/10/12,68.561
10/11/12,68.565
10/12/12,68.568
10/13/12,68.577
10/14/12,68.609
10/15/12,68.66
10/16/12,68.71
10/17/12,68.732
10/18/12,68.739
10/19/12,68.797
10/20/12,68.838
10/21/12,68.884
10/22/12,68.927
10/23/12,68.955
10/24/12,68.99
10/25/12,68.992
10/26/12,68.996
10/27/12,69.039
10/28/12,69.098
10/29/12,69.234
10/30/12,69.35
10/31/12,69.485
11/01/12,69.59
11/02/12,69.635
11/03/12,69.672
11/04/12,69.663
11/05/12,69.644
11/06/12,69.629
11/07/12,69.605
11/08/12,69.584
11/09/12,69.563
11/10/12,69.539
11/11/12,69.523
11/12/12,69.561
11/13/12,69.568
11/14/12,69.575
11/15/12,69.568
11/16/12,69.555
11/17/12,69.567
11/18/12,69.635
11/19/12,69.824
11/20/12,69.998
11/21/12,69.116
11/22/12,69.167
11/23/12,70.219
11/24/12,70.2
11/25/12,70.167
11/26/12,70.121
11/27/12,70.071
11/28/12,70.028
11/29/12,70.019
11/30/12,70.008
12/01/12,70.251
12/02/12,70.366
12/03/12,70.432
12/04/12,70.515
12/05/12,70.515
12/06/12,70.508
12/07/12,70.491
12/08/12,70.469
12/09/12,70.422
12/10/12,70.37
12/11/12,70.341
12/12/12,70.285
12/13/12,70.249
12/14/12,70.23
12/15/12,70.213
12/16/12,70.21
12/17/12,70.356
12/18/12,70.45
12/19/12,70.542
12/20/12,70.662
12/21/12,70.727
12/22/12,70.723
12/23/12,70.68
12/24/12,70.654
12/25/12,70.651
12/26/12,70.647
12/27/12,70.614
12/28/12,70.569
12/29/12,70.519
12/30/12,70.484
12/31/12,70.448
01/01/13,70.412
01/02/13,70.384
01/03/13,70.359
01/04/13,70.344
01/05/13,70.33
01/06/13,70.313
01/07/13,70.338
01/08/13,70.342
01/09/13,70.515
01/10/13,70.594
01/11/13,70.608
01/12/13,70.574
01/13/13,70.531
01/14/13,70.488
01/15/13,70.458
01/16/13,70.427
01/17/13,70.405
01/18/13,70.384
01/19/13,70.371
01/20/13,70.354
01/21/13,70.344
01/22/13,70.33
01/23/13,70.318
01/24/13,70.328
01/25/13,70.347
01/26/13,70.367
01/27/13,70.359
01/28/13,70.373
01/29/13,70.357
01/30/13,70.384
01/31/13,70.392
02/01/13,70.396
02/02/13,70.384
02/03/13,70.37
02/04/13,70.355
02/05/13,70.339
02/06/13,70.367
02/07/13,70.381
02/08/13,70.372
02/09/13,70.355
02/10/13,70.345
02/11/13,70.328
02/12/13,70.312
02/13/13,70.309
02/14/13,70.297
02/15/13,70.287
02/16/13,70.277
02/17/13,70.277
02/18/13,70.253
02/19/13,70.253
02/20/13,70.243
02/21/13,70.241
02/22/13,70.337
02/23/13,70.462
02/24/13,70.476
02/25/13,70.474
02/26/13,70.457
02/27/13,70.441
02/28/13,70.472
03/01/13,70.524
03/02/13,70.527
03/03/13,70.5
03/04/13,70.474
03/05/13,70.446
03/06/13,70.45
03/07/13,70.484
03/08/13,70.505
03/09/13,70.484
03/10/13,70.465
03/11/13,70.444
03/12/13,70.438
03/13/13,70.452
03/14/13,70.455
03/15/13,70.453
03/16/13,70.458
03/17/13,70.48
03/18/13,70.452
03/19/13,70.446
03/20/13,70.583
03/21/13,70.625
03/22/13,70.624
03/23/13,70.601
03/24/13,70.572
03/25/13,70.549
03/26/13,70.525
03/27/13,70.504
03/28/13,70.507
03/29/13,70.496
03/30/13,70.474
03/31/13,70.457
04/01/13,70.439
04/02/13,70.422
04/03/13,70.409
04/04/13,70.404
04/05/13,70.496
04/06/13,70.651
04/07/13,70.853
04/08/13,70.93
04/09/13,70.918
04/10/13,70.899
04/11/13,70.859
04/12/13,70.801
04/13/13,70.81
04/14/13,70.824
04/15/13,70.835
04/16/13,70.809
04/17/13,70.773
04/18/13,70.735
04/19/13,70.745
04/20/13,70.728
04/21/13,70.707
04/22/13,70.688
04/23/13,70.67
04/24/13,70.649
04/25/13,70.621
04/26/13,70.595
04/27/13,70.574
04/28/13,70.567
04/29/13,70.602
04/30/13,70.529
05/01/13,70.505
05/02/13,70.485
05/03/13,70.464
05/04/13,70.446
05/05/13,70.415
05/06/13,70.393
05/07/13,70.362
05/08/13,70.338
05/09/13,70.315
05/10/13,70.293
05/11/13,70.27
05/12/13,70.252
05/13/13,70.246
05/14/13,70.24
05/15/13,70.223
05/16/13,70.216
05/17/13,70.22
05/18/13,70.218
05/19/13,70.206
05/20/13,70.188
05/21/13,70.22
05/22/13,70.248
05/23/13,70.269
05/24/13,70.32
05/25/13,70.336
05/26/13,70.334
05/27/13,70.435
05/28/13,70.469
05/29/13,70.508
05/30/13,70.511
05/31/13,70.498
06/01/13,70.466
06/02/13,70.431
06/03/13,70.401
06/04/13,70.366
06/05/13,70.332
06/06/13,70.296
06/07/13,70.253
06/08/13,70.218
06/09/13,70.185
06/10/13,70.155
06/11/13,70.116
06/12/13,70.087
06/13/13,70.068
06/14/13,70.046
06/15/13,70.021
06/16/13,69.996
06/17/13,69.969
06/18/13,69.943
06/19/13,69.906
06/20/13,69.892
06/21/13,69.859
06/22/13,69.837
06/23/13,69.816
06/24/13,69.872
06/25/13,69.88
06/26/13,69.892
06/27/13,69.921
06/28/13,69.916
06/29/13,69.902
06/30/13,69.881
07/01/13,69.852
07/02/13,69.817
07/03/13,69.789
07/04/13,69.754
07/05/13,69.723
07/06/13,69.704
07/07/13,69.673
07/08/13,69.647
07/09/13,69.623
07/10/13,69.585
07/11/13,69.563
07/12/13,69.531
07/13/13,69.515
07/14/13,69.484
07/15/13,69.463
07/16/13,69.436
07/17/13,69.415
07/18/13,69.397
07/19/13,69.378
07/20/13,69.356
07/21/13,69.335
07/22/13,69.316
07/23/13,69.295
07/24/13,69.27
07/25/13,69.251
07/26/13,69.23
07/27/13,69.202
07/28/13,69.176
07/29/13,69.154
07/30/13,69.132
07/31/13,69.118
08/01/13,69.099
08/02/13,69.092
08/03/13,69.085
08/04/13,69.076
08/05/13,69.059
08/06/13,69.041
08/07/13,69.021
08/08/13,69.001
08/09/13,68.986
08/10/13,68.987
08/11/13,68.96
08/12/13,68.943
08/13/13,68.925
08/14/13,68.908
08/15/13,68.917
08/16/13,68.914
08/17/13,68.897
08/18/13,68.885
08/19/13,68.871
08/20/13,68.86
08/21/13,68.838
08/22/13,68.824
08/23/13,68.814
08/24/13,68.793
08/25/13,68.785
08/26/13,68.778
08/27/13,68.77
08/28/13,68.781
08/29/13,68.803
08/30/13,68.806
08/31/13,68.809
09/01/13,68.792
09/02/13,68.782
09/03/13,68.828
09/04/13,68.833
09/05/13,68.837
09/06/13,69.07
09/07/13,69.14
09/08/13,69.175
09/09/13,69.188
09/10/13,69.19
09/11/13,69.174
09/12/13,69.161
09/13/13,69.147
09/14/13,69.138
09/15/13,69.132
09/16/13,69.135
09/17/13,69.121
09/18/13,69.123
09/19/13,69.117
09/20/13,69.1
09/21/13,69.112
09/22/13,69.124
09/23/13,69.256
09/24/13,69.286
09/25/13,69.317
09/26/13,69.321
09/27/13,69.33
09/28/13,69.443
09/29/13,69.7
09/30/13,69.938
10/01/13,70.149
10/02/13,70.258
10/03/13,70.307
10/04/13,70.292
10/05/13,70.247
10/06/13,70.195
10/07/13,70.154
10/08/13,70.118
10/09/13,70.083
10/10/13,70.051
10/11/13,70.021
10/12/13,70.002
10/13/13,69.978
10/14/13,69.952
10/15/13,69.925
10/16/13,69.902
10/17/13,69.882
10/18/13,69.863
10/19/13,69.844
10/20/13,69.829
10/21/13,69.815
10/22/13,69.803
10/23/13,69.791
10/24/13,69.777
10/25/13,69.767
10/26/13,69.753
10/27/13,69.746
10/28/13,69.729
10/29/13,69.725
10/30/13,69.707
10/31/13,69.703
11/01/13,69.702
11/02/13,69.752
11/03/13,69.748
11/04/13,69.75
11/05/13,69.757
11/06/13,69.76
11/07/13,69.807
11/08/13,69.875
11/09/13,69.896
11/10/13,69.912
11/11/13,69.912
11/12/13,69.917
11/13/13,69.917
11/14/13,69.918
11/15/13,69.914
11/16/13,69.942
11/17/13,69.982
11/18/13,70.069
11/19/13,70.194
11/20/13,70.243
11/21/13,70.253
11/22/13,70.24
11/23/13,70.223
11/24/13,70.206
11/25/13,70.187
11/26/13,70.175
11/27/13,70.159
11/28/13,70.146
11/29/13,70.13
11/30/13,70.126
12/01/13,70.146
12/02/13,70.191
12/03/13,70.212
12/04/13,70.206
12/05/13,70.195
12/06/13,70.185
12/07/13,70.168
12/08/13,70.148
12/09/13,70.133
12/10/13,70.122
12/11/13,70.12
12/12/13,70.106
12/13/13,70.137
12/14/13,70.135
12/15/13,70.145
12/16/13,70.152
12/17/13,70.15
12/18/13,70.153
12/19/13,70.15
12/20/13,70.121
12/21/13,70.159
12/22/13,70.172
12/23/13,70.191
12/24/13,70.19
12/25/13,70.188
12/26/13,70.185
12/27/13,70.178
12/28/13,70.171
12/29/13,70.171
12/30/13,70.166
12/31/13,70.162
01/01/14,70.157
01/02/14,70.153
01/03/14,70.156
01/04/14,70.159
01/05/14,70.149
01/06/14,70.148
01/07/14,70.177
01/08/14,70.213
01/09/14,70.272
01/10/14,70.325
01/11/14,70.403
01/12/14,70.563
01/13/14,70.611
01/14/14,70.597
01/15/14,70.56
01/16/14,70.519
01/17/14,70.483
01/18/14,70.45
01/19/14,70.425
01/20/14,70.399
01/21/14,70.377
01/22/14,70.361
01/23/14,70.339
01/24/14,70.332
01/25/14,70.313
01/26/14,70.301
01/27/14,70.292
01/28/14,70.287
01/29/14,70.36
01/30/14,70.414
01/31/14,70.425
02/01/14,70.428
02/02/14,70.423
02/03/14,70.413
02/04/14,70.39
02/05/14,70.373
02/06/14,70.353
02/07/14,70.334
02/08/14,70.325
02/09/14,70.343
02/10/14,70.387
02/11/14,70.414
02/12/14,70.495
02/13/14,70.554
02/14/14,70.579
02/15/14,70.576
02/16/14,70.627
02/17/14,70.894
02/18/14,71.01
02/19/14,71.118
02/20/14,71.145
02/21/14,71.089
02/22/14,70.992
02/23/14,70.905
02/24/14,70.881
02/25/14,70.883
02/26/14,70.849
7/23/14,69.56
7/29/14,69.49
8/6/14,69.32
8/13/14,69.42
8/20/14,69.36
8/27/14,69.22
9/3/14,69.18
9/10/14,69.08
9/17/14,68.98
9/24/14,69.12
10/8/14,69.24
10/16/14,69.38
10/22/14,69.50
10/29/14,69.95
11/5/14,70.16
11/12/14,70.17
11/19/14,70.06
11/24/14,70.20
12/3/14,70.45
12/10/14,70.51
12/17/14,70.56
12/22/14,70.68
12/29/14,70.66
1/5/15,70.80
1/14/15,70.68
1/21/15,70.86
1/28/15,70.74
2/4/15,70.70
2/11/15,71.14
2/25/15,70.81
3/11/15,70.76
3/18/15,71.27
3/25/15,71.18
4/8/15,70.90
4/22/15,70.78
5/6/15,70.68
5/20/15,70.53
6/3/15,70.27
6/17/15,69.88
6/25/15,69.64
6/29/15,69.55
7/1/15,69.48
7/15/15,69.14
7/22/15,68.98
8/4/15,68.72
8/19/15,68.53
9/2/15,68.56
9/23/15,68.44
10/7/15,68.42
10/21/15,68.57
11/4/15,69.48
11/12/15,69.36
11/18/15,70.58
11/24/15,70.24
12/9/15,70.68
12/16/15,70.83
12/30/15,70.98
1/20/16,70.86
1/27/16,71.03
2/3/16,71.06
2/17/16,71.16
3/2/16,71.34
3/10/16,71.38
3/16/16,71.56
3/23/16,71.36
3/30/16,71.26
4/13/16,71.08
4/28/16,71.04
5/11/16,70.86
5/18/16,70.78
6/8/16,70.60
6/22/16,70.58
6/30/16,70.48
7/13/16,70.30
7/27/16,70.06
8/8/16,69.60
8/16/16,69.74
8/23/16,69.60
8/26/16,69.50
9/7/16,69.54
9/14/16,69.50
9/20/16,69.58
10/5/16,69.58
10/11/16,69.76
10/17/16,70.38
10/19/16,70.44
10/26/16,70.64
11/1/16,70.71
11/9/16,70.84
11/15/16,70.90
11/22/16,70.90
11/28/16,71.20
12/5/16,71.12
12/21/16,71.15
1/4/17,71.13
